Order_ID,Order_Date,Month Name,Customer_ID,Region,Product_Category,Product_Name,Quantity,Unit_Price,Total_Sales,Discount,Revenue_After_Discount.,Payment_Method
1000,8/24/2025,August,C001,South,Electronics,Laptop,5,1136,5680,0%,5680,Card
1001,8/24/2025,August,C002,South,Home,Blender,1,939,939,0%,939,Card
1003,8/24/2025,August,C004,East,Furniture,Sofa,4,413,1652,5%,1569,Cash
1004,2/10/2025,February,C005,South ,Electronics,Tablet,2,747,1494,0%,1494,Transfer
1005,2/6/2025,February,C006,West,Furniture,Table,5,1429,7145,0%,7145,Card
1006,1/17/2025,January,C007,South ,Furniture,Chair,5,1042,5210,15%,4429,Card
1007,1/17/2025,January,C008,East,Home,Blender,4,837,3348,5%,3181,Transfer
1008,10/9/2025,October,C009,North,Electronics,Tablet,5,884,4420,20%,3536,Cash
1009,10/9/2025,October,C010,South ,Home,Oven,2,1332,2664,5%,2531,Cash
1010,1/2/2025,January,C011,South,Electronics,Laptop,5,631,3155,5%,2997,Card
1011,7/11/2025,July,C012,North,Furniture,Sofa,3,59,177,10%,159,Card
1012,7/11/2025,July,C013,North,Electronics,Laptop,4,277,1108,20%,886,Card
1013,5/16/2025,May,C014,South ,Electronics,Tablet,3,1395,4185,20%,3348,Cash
1014,3/3/2025,March,C015,North,Furniture,Chair,4,471,1884,0%,1884,Transfer
1015,3/3/2025,March,C016,North,Furniture,Chair,2,1390,2780,0%,2780,Transfer
1016,10/23/2025,October,C017,North,Home,Blender,2,887,1774,0%,1774,Transfer
1017,12/1/2025,December,C018,North,Furniture,Chair,1,1118,1118,10%,1006,Cash
1019,9/6/2025,September,C020,West,Home,Blender,2,951,1902,0%,1902,Transfer
1020,12/5/2025,December,C021,North,Electronics,Phone,5,662,3310,20%,2648,Transfer
1021,12/5/2025,December,C022,North,Electronics,Laptop,5,501,2505,20%,2004,Card
1022,10/24/2025,October,C023,North,Furniture,Sofa,2,438,876,10%,788,Cash
1023,3/9/2025,March,C024,North,Electronics,Headphones,4,224,896,10%,806,Card
1024,6/28/2025,June,C025,West,Furniture,Table,4,1359,5436,20%,4349,Cash
1025,6/12/2025,June,C026,North,Home,Oven,1,577,577,10%,519,Card
1028,6/7/2025,June,C029,East,Furniture,Chair,5,230,1150,15%,978,Transfer
1029,3/21/2025,March,C030,West,Electronics,Tablet,5,700,3500,0%,3500,Transfer
1030,8/5/2025,August,C031,West,Home,Microwave,1,428,428,10%,385,Card
1031,8/5/2025,August,C032,East,Electronics,Tablet,2,1333,2666,20%,2133,Cash
1034,10/12/2025,October,C035,North,Electronics,Laptop,5,635,3175,10%,2858,Cash
1035,10/12/2025,October,C036,South ,Furniture,Table,4,1185,4740,0%,4740,Cash
1036,10/12/2025,October,C037,West,Home,Microwave,5,457,2285,0%,2285,Card
1037,4/12/2025,April,C038,North,Electronics,Tablet,1,427,427,15%,363,Transfer
1038,2/7/2025,February,C039,West,Furniture,Chair,1,1363,1363,0%,1363,Cash
1039,2/7/2025,February,C040,West,Home,Oven,1,268,268,0%,268,Transfer
1040,10/14/2025,October,C041,West,Home,Microwave,1,992,992,0%,992,Cash
1041,9/24/2025,September,C042,South,Furniture,Sofa,2,1126,2252,15%,1914,Transfer
1042,3/20/2025,March,C043,West,Electronics,Phone,1,880,880,0%,880,Card
1043,10/22/2025,October,C044,West,Home,Oven,4,471,1884,15%,1601,Card
1044,7/19/2025,July,C045,West,Electronics,Headphones,4,75,300,0%,300,Card
1045,2/12/2025,February,C046,East,Furniture,Sofa,1,951,951,15%,808,Cash
1046,4/8/2025,April,C047,South ,Electronics,Phone,2,479,958,0%,958,Card
1047,1/16/2025,January,C048,South,Electronics,Tablet,3,1391,4173,15%,3547,Transfer
1048,5/12/2025,May,C049,South,Electronics,Laptop,4,72,288,15%,245,Cash
1050,9/7/2025,September,C051,West,Electronics,Laptop,3,761,2283,0%,2283,Card
1051,11/8/2025,November,C052,North,Home,Microwave,3,912,2736,10%,2462,Card
1052,11/8/2025,November,C053,North,Home,Blender,2,78,156,15%,133,Card
1053,7/1/2025,July,C054,North,Home,Oven,1,195,195,20%,156,Card
1054,12/20/2025,December,C055,North,Furniture,Chair,3,1436,4308,10%,3877,Cash
1055,10/11/2025,October,C056,East,Furniture,Table,2,534,1068,10%,961,Card
1056,10/2/2025,October,C057,East,Home,Oven,4,599,2396,10%,2156,Card
1058,9/9/2025,September,C059,East,Home,Microwave,3,717,2151,15%,1828,Card
1059,2/3/2025,February,C060,South,Electronics,Headphones,2,194,388,15%,330,Transfer
1060,11/2/2025,November,C061,West,Electronics,Headphones,3,645,1935,0%,1935,Card
1061,4/17/2025,April,C062,South,Electronics,Laptop,1,25,25,15%,21,Cash
1062,4/17/2025,April,C063,North,Electronics,Tablet,5,1227,6135,15%,5215,Card
1063,6/10/2025,June,C064,South,Electronics,Phone,1,649,649,10%,584,Cash
1064,3/5/2025,March,C065,North,Home,Microwave,3,184,552,0%,552,Cash
1065,6/11/2025,June,C066,North,Electronics,Tablet,4,102,408,20%,326,Transfer
1066,8/15/2025,August,C067,North,Furniture,Sofa,3,702,2106,5%,2001,Cash
1067,7/30/2025,July,C068,North,Electronics,Laptop,2,536,1072,15%,911,Transfer
1068,1/1/2025,January,C069,North,Electronics,Headphones,3,1300,3900,10%,3510,Transfer
1069,3/9/2025,March,C070,North,Furniture,Chair,5,344,1720,15%,1462,Card
1070,4/26/2025,April,C071,South ,Home,Microwave,5,617,3085,15%,2622,Cash
1071,5/5/2025,May,C072,South ,Electronics,Laptop,2,869,1738,10%,1564,Card
1072,5/25/2025,May,C073,South,Home,Oven,3,726,2178,15%,1851,Cash
1073,6/14/2025,June,C074,South,Electronics,Phone,2,988,1976,15%,1680,Transfer
1075,3/15/2025,March,C076,East,Electronics,Headphones,5,834,4170,0%,4170,Transfer
1078,9/8/2025,September,C079,South ,Electronics,Tablet,1,181,181,0%,181,Card
1079,9/12/2025,September,C080,West,Electronics,Phone,3,609,1827,15%,1553,Cash
1080,9/12/2025,September,C081,West,Furniture,Chair,3,1009,3027,10%,2724,Transfer
1081,6/1/2025,June,C082,East,Electronics,Headphones,5,120,600,10%,540,Card
1082,11/7/2025,November,C083,South ,Electronics,Laptop,5,1343,6715,15%,5708,Card
1083,10/24/2025,October,C084,South ,Furniture,Table,1,290,290,10%,261,Transfer
1084,9/14/2025,September,C085,East,Electronics,Laptop,3,174,522,0%,522,Transfer
1085,12/12/2025,December,C086,North,Electronics,Phone,2,1118,2236,0%,2236,Transfer
1087,12/12/2025,December,C088,South ,Electronics,Laptop,1,112,112,15%,95,Card
1088,12/12/2025,December,C089,West,Home,Oven,3,1222,3666,15%,3116,Transfer
1089,2/20/2025,February,C090,North,Furniture,Chair,3,930,2790,0%,2790,Transfer
1090,7/8/2025,July,C091,East,Electronics,Laptop,3,207,621,20%,497,Card
1091,1/26/2025,January,C092,South,Home,Oven,1,1220,1220,10%,1098,Card
1092,2/11/2025,February,C093,South,Furniture,Table,1,245,245,0%,245,Cash
1095,12/31/2025,December,C096,North,Electronics,Tablet,4,1316,5264,15%,4474,Transfer
1096,12/31/2025,December,C097,North,Home,Oven,5,460,2300,15%,1955,Cash
1097,8/21/2025,August,C098,South ,Furniture,Sofa,1,1426,1426,0%,1426,Card
1098,10/8/2025,October,C099,North,Electronics,Headphones,4,1170,4680,10%,4212,Transfer
1099,8/5/2025,August,C100,East,Electronics,Headphones,4,455,1820,0%,1820,Cash
1100,10/12/2025,October,C101,North,Electronics,Headphones,5,1336,6680,0%,6680,Transfer
1101,10/12/2025,October,C102,East,Electronics,Phone,1,313,313,5%,297,Transfer
1102,11/21/2025,November,C103,West,Furniture,Sofa,1,777,777,20%,622,Transfer
1103,2/13/2025,February,C104,South ,Electronics,Tablet,3,1375,4125,15%,3506,Cash
1104,4/21/2025,April,C105,South ,Home,Microwave,4,1386,5544,20%,4435,Card
1106,9/30/2025,September,C107,North,Electronics,Phone,3,58,174,10%,157,Transfer
1107,8/8/2025,August,C108,West,Furniture,Sofa,1,1285,1285,10%,1157,Card
1108,8/12/2025,August,C109,North,Furniture,Table,5,715,3575,0%,3575,Transfer
1110,8/2/2025,August,C111,West,Electronics,Headphones,3,1414,4242,0%,4242,Transfer
1111,6/15/2025,June,C112,West,Furniture,Table,2,1231,2462,10%,2216,Cash
1112,6/15/2025,June,C113,North,Electronics,Headphones,4,1058,4232,0%,4232,Card
1113,8/19/2025,August,C114,North,Electronics,Phone,3,231,693,0%,693,Card
1114,9/16/2025,September,C115,North,Electronics,Headphones,1,765,765,15%,650,Cash
1115,12/14/2025,December,C116,East,Home,Oven,5,811,4055,0%,4055,Transfer
1116,3/18/2025,March,C117,East,Furniture,Table,4,1471,5884,15%,5001,Transfer
1117,6/18/2025,June,C118,North,Home,Oven,2,57,114,5%,108,Cash
1118,6/9/2025,June,C119,North,Electronics,Laptop,4,1125,4500,0%,4500,Transfer
1119,6/22/2025,June,C120,South,Electronics,Headphones,1,1496,1496,0%,1496,Transfer
1120,5/2/2025,May,C121,South,Furniture,Chair,2,980,1960,0%,1960,Transfer
1121,8/14/2025,August,C122,West,Furniture,Chair,4,303,1212,15%,1030,Cash
1122,10/11/2025,October,C123,East,Electronics,Tablet,2,940,1880,15%,1598,Card
1123,4/24/2025,April,C124,North,Home,Oven,2,502,1004,5%,954,Card
1124,6/13/2025,June,C125,South,Electronics,Tablet,3,1445,4335,15%,3685,Cash
1125,12/11/2025,December,C126,South,Home,Oven,5,1266,6330,10%,5697,Card
1126,4/6/2025,April,C127,North,Home,Microwave,4,1117,4468,20%,3574,Transfer
1127,5/4/2025,May,C128,East,Electronics,Headphones,3,403,1209,10%,1088,Card
1128,9/27/2025,September,C129,West,Electronics,Phone,5,812,4060,0%,4060,Cash
1130,8/26/2025,August,C131,North,Electronics,Phone,2,432,864,5%,821,Card
1131,6/11/2025,June,C132,West,Electronics,Phone,5,411,2055,0%,2055,Transfer
1132,6/11/2025,June,C133,West,Home,Blender,2,402,804,20%,643,Cash
1134,7/8/2025,July,C135,North,Electronics,Headphones,3,582,1746,0%,1746,Card
1135,12/10/2025,December,C136,North,Electronics,Headphones,5,917,4585,0%,4585,Card
1136,11/27/2025,November,C137,South ,Furniture,Sofa,2,929,1858,20%,1486,Cash
1137,7/23/2025,July,C138,South ,Home,Microwave,4,812,3248,10%,2923,Transfer
1139,6/13/2025,June,C140,East,Electronics,Tablet,2,1061,2122,5%,2016,Card
1140,10/9/2025,October,C141,West,Electronics,Tablet,4,196,784,0%,784,Transfer
1141,9/3/2025,September,C142,South,Electronics,Laptop,3,974,2922,20%,2338,Transfer
1142,9/3/2025,September,C143,North,Electronics,Laptop,4,333,1332,0%,1332,Card
1143,6/27/2025,June,C144,East,Home,Oven,2,276,552,0%,552,Transfer
1144,6/27/2025,June,C145,South,Electronics,Headphones,2,1174,2348,0%,2348,Card
1145,1/24/2025,January,C146,North,Electronics,Headphones,5,82,410,10%,369,Transfer
1146,6/4/2025,June,C147,West,Electronics,Phone,1,920,920,10%,828,Transfer
1147,3/15/2025,March,C148,West,Furniture,Sofa,4,1170,4680,0%,4680,Cash
1148,3/15/2025,March,C149,West,Home,Blender,1,347,347,0%,347,Cash
1151,7/7/2025,July,C152,South,Home,Oven,2,170,340,20%,272,Cash
1152,11/16/2025,November,C153,East,Home,Oven,2,315,630,20%,504,Card
1153,11/16/2025,November,C154,North,Furniture,Table,4,1075,4300,10%,3870,Card
1154,7/21/2025,July,C155,North,Home,Oven,3,1471,4413,0%,4413,Cash
1155,6/19/2025,June,C156,North,Furniture,Table,5,1204,6020,20%,4816,Cash
1156,3/29/2025,March,C157,South,Electronics,Phone,4,1454,5816,10%,5234,Cash
1157,3/19/2025,March,C158,South ,Electronics,Tablet,4,444,1776,15%,1510,Transfer
1158,7/12/2025,July,C159,North,Electronics,Tablet,4,1011,4044,20%,3235,Cash
1159,4/26/2025,April,C160,South ,Furniture,Sofa,3,734,2202,0%,2202,Cash
1160,4/26/2025,April,C161,West,Electronics,Tablet,2,106,212,10%,191,Cash
1161,2/12/2025,February,C162,North,Home,Oven,5,576,2880,20%,2304,Card
1163,1/3/2025,January,C164,West,Electronics,Tablet,2,604,1208,0%,1208,Transfer
1165,1/3/2025,January,C166,East,Home,Microwave,5,1132,5660,5%,5377,Transfer
1166,1/3/2025,January,C167,South,Furniture,Table,5,401,2005,10%,1805,Cash
1168,6/15/2025,June,C169,East,Electronics,Tablet,4,1500,6000,10%,5400,Transfer
1169,1/5/2025,January,C170,South,Home,Oven,5,656,3280,10%,2952,Cash
1170,11/11/2025,November,C171,South,Electronics,Headphones,2,871,1742,20%,1394,Transfer
1171,4/22/2025,April,C172,North,Home,Oven,5,760,3800,0%,3800,Transfer
1173,8/17/2025,August,C174,North,Home,Oven,3,1397,4191,15%,3562,Cash
1175,4/3/2025,April,C176,East,Home,Microwave,3,789,2367,20%,1894,Card
1177,8/6/2025,August,C178,South,Furniture,Chair,5,251,1255,0%,1255,Cash
1178,11/11/2025,November,C179,South,Electronics,Laptop,4,88,352,0%,352,Card
1179,1/23/2025,January,C180,South,Furniture,Table,1,1199,1199,0%,1199,Cash
1181,12/14/2025,December,C182,North,Home,Blender,3,325,975,20%,780,Cash
1182,5/4/2025,May,C183,North,Home,Blender,3,1161,3483,10%,3135,Card
1183,6/19/2025,June,C184,North,Electronics,Phone,2,792,1584,0%,1584,Card
1184,10/28/2025,October,C185,East,Furniture,Chair,1,260,260,5%,247,Transfer
1185,11/6/2025,November,C186,East,Home,Microwave,4,1348,5392,20%,4314,Cash
1186,11/6/2025,November,C187,East,Furniture,Sofa,2,867,1734,5%,1647,Transfer
1187,11/6/2025,November,C188,North,Furniture,Table,1,421,421,5%,400,Cash
1188,10/9/2025,October,C189,South ,Home,Microwave,1,741,741,15%,630,Card
1189,10/5/2025,October,C190,South ,Electronics,Phone,3,301,903,0%,903,Card
1190,5/1/2025,May,C191,North,Home,Microwave,5,1019,5095,20%,4076,Transfer
1191,5/1/2025,May,C192,North,Electronics,Phone,4,1449,5796,5%,5506,Card
1193,5/1/2025,May,C194,South ,Electronics,Laptop,3,796,2388,0%,2388,Card
1195,1/9/2025,January,C196,North,Electronics,Phone,1,664,664,5%,631,Transfer
1196,3/15/2025,March,C197,East,Electronics,Headphones,1,1180,1180,20%,944,Cash
1198,11/1/2025,November,C199,East,Home,Microwave,1,748,748,5%,711,Transfer
1199,10/27/2025,October,C200,South ,Electronics,Laptop,2,335,670,5%,637,Transfer
1200,7/19/2025,July,C201,East,Furniture,Sofa,2,229,458,15%,389,Transfer
1201,10/12/2025,October,C202,North,Electronics,Headphones,2,808,1616,15%,1374,Cash
1202,2/13/2025,February,C203,North,Electronics,Tablet,5,799,3995,10%,3596,Cash
1203,2/13/2025,February,C204,East,Electronics,Laptop,2,535,1070,15%,910,Transfer
1204,12/11/2025,December,C205,North,Furniture,Sofa,4,798,3192,10%,2873,Cash
1205,11/30/2025,November,C206,West,Electronics,Tablet,3,673,2019,15%,1716,Transfer
1206,5/5/2025,May,C207,North,Furniture,Chair,4,1137,4548,0%,4548,Transfer
1207,8/25/2025,August,C208,West,Furniture,Table,5,640,3200,0%,3200,Cash
1208,8/25/2025,August,C209,North,Home,Oven,4,1436,5744,10%,5170,Transfer
1209,10/2/2025,October,C210,South ,Electronics,Tablet,5,1274,6370,0%,6370,Transfer
1210,11/28/2025,November,C211,North,Electronics,Laptop,2,474,948,20%,758,Transfer
1211,11/28/2025,November,C212,South ,Home,Oven,1,726,726,10%,653,Cash
1212,11/28/2025,November,C213,East,Furniture,Sofa,3,443,1329,0%,1329,Cash
1213,12/23/2025,December,C214,South ,Electronics,Phone,2,1347,2694,0%,2694,Card
1214,12/23/2025,December,C215,West,Furniture,Chair,3,1309,3927,15%,3338,Cash
1215,1/15/2025,January,C216,West,Furniture,Chair,1,590,590,0%,590,Transfer
1216,2/22/2025,February,C217,West,Electronics,Tablet,5,1022,5110,20%,4088,Cash
1217,11/9/2025,November,C218,North,Electronics,Tablet,4,1228,4912,0%,4912,Card
1218,6/6/2025,June,C219,North,Home,Blender,4,302,1208,15%,1027,Transfer
1219,10/3/2025,October,C220,South,Furniture,Table,1,403,403,0%,403,Cash
1220,1/5/2025,January,C221,North,Home,Blender,5,1027,5135,15%,4365,Card
1221,2/12/2025,February,C222,East,Home,Oven,2,364,728,15%,619,Transfer
1222,2/12/2025,February,C223,East,Electronics,Phone,5,923,4615,0%,4615,Transfer
1223,12/1/2025,December,C224,East,Electronics,Laptop,3,260,780,0%,780,Transfer
1224,12/19/2025,December,C225,North,Furniture,Chair,1,141,141,20%,113,Transfer
1225,3/28/2025,March,C226,North,Electronics,Tablet,3,141,423,5%,402,Transfer
1226,9/3/2025,September,C227,South ,Home,Microwave,1,1202,1202,15%,1022,Cash
1227,2/8/2025,February,C228,South ,Furniture,Sofa,3,1019,3057,0%,3057,Card
1228,8/23/2025,August,C229,West,Home,Blender,1,1033,1033,10%,930,Transfer
1230,8/14/2025,August,C231,South ,Electronics,Tablet,2,211,422,10%,380,Transfer
1231,8/14/2025,August,C232,South ,Home,Blender,5,206,1030,15%,876,Card
1232,3/9/2025,March,C233,South ,Electronics,Laptop,3,1441,4323,15%,3675,Card
1233,3/9/2025,March,C234,South,Furniture,Table,5,1406,7030,0%,7030,Transfer
1234,3/9/2025,March,C235,South ,Home,Blender,4,1426,5704,0%,5704,Card
1235,3/5/2025,March,C236,South,Electronics,Tablet,5,192,960,0%,960,Transfer
1236,5/26/2025,May,C237,South,Electronics,Headphones,4,406,1624,0%,1624,Card
1237,9/11/2025,September,C238,North,Furniture,Sofa,2,290,580,15%,493,Cash
1239,5/27/2025,May,C240,North,Home,Oven,4,332,1328,20%,1062,Card
1241,8/11/2025,August,C242,North,Electronics,Tablet,5,43,215,20%,172,Transfer
1242,8/11/2025,August,C243,South ,Electronics,Phone,2,899,1798,0%,1798,Transfer
1243,8/11/2025,August,C244,North,Electronics,Headphones,1,773,773,20%,618,Transfer
1244,1/3/2025,January,C245,North,Electronics,Phone,3,765,2295,0%,2295,Transfer
1245,12/2/2025,December,C246,East,Electronics,Headphones,2,264,528,5%,502,Card
1247,6/5/2025,June,C248,South,Furniture,Chair,1,33,33,20%,26,Cash
1249,3/14/2025,March,C250,West,Home,Microwave,5,193,965,0%,965,Cash
1250,2/8/2025,February,C251,South,Electronics,Tablet,2,824,1648,10%,1483,Cash
1252,7/3/2025,July,C253,North,Electronics,Tablet,5,643,3215,0%,3215,Card
1253,7/3/2025,July,C254,West,Electronics,Phone,5,632,3160,0%,3160,Cash
1255,11/19/2025,November,C256,North,Furniture,Chair,5,928,4640,10%,4176,Card
1257,11/19/2025,November,C258,North,Electronics,Headphones,1,1345,1345,20%,1076,Cash
1258,1/2/2025,January,C259,South,Furniture,Chair,5,1133,5665,0%,5665,Cash
1259,9/3/2025,September,C260,East,Furniture,Table,1,73,73,10%,66,Card
1260,8/30/2025,August,C261,North,Furniture,Chair,2,1112,2224,0%,2224,Card
1261,10/22/2025,October,C262,South,Electronics,Headphones,2,1448,2896,0%,2896,Transfer
1262,6/30/2025,June,C263,West,Furniture,Table,1,1024,1024,0%,1024,Card
1263,5/11/2025,May,C264,East,Furniture,Chair,1,717,717,10%,645,Card
1265,6/22/2025,June,C266,South ,Furniture,Sofa,1,1468,1468,20%,1174,Cash
1266,4/25/2025,April,C267,South,Electronics,Phone,5,1193,5965,20%,4772,Card
1267,4/4/2025,April,C268,South ,Electronics,Laptop,3,308,924,10%,832,Cash
1268,3/27/2025,March,C269,West,Electronics,Tablet,1,531,531,0%,531,Transfer
1269,1/1/2025,January,C270,South,Home,Microwave,3,739,2217,15%,1884,Transfer
1270,11/30/2025,November,C271,East,Furniture,Sofa,2,234,468,15%,398,Card
1271,2/8/2025,February,C272,South ,Home,Blender,5,357,1785,0%,1785,Card
1272,2/8/2025,February,C273,South ,Furniture,Table,5,596,2980,15%,2533,Transfer
1273,10/9/2025,October,C274,North,Electronics,Headphones,3,428,1284,0%,1284,Cash
1274,2/11/2025,February,C275,West,Electronics,Laptop,5,1134,5670,15%,4820,Cash
1275,4/6/2025,April,C276,East,Electronics,Phone,1,1446,1446,10%,1301,Transfer
1276,7/31/2025,July,C277,North,Home,Oven,5,992,4960,10%,4464,Card
1278,6/3/2025,June,C279,South,Electronics,Headphones,2,674,1348,0%,1348,Card
1279,7/18/2025,July,C280,West,Electronics,Headphones,4,1090,4360,5%,4142,Card
1280,10/18/2025,October,C281,North,Electronics,Tablet,4,724,2896,0%,2896,Cash
1282,9/1/2025,September,C283,East,Electronics,Tablet,3,1445,4335,5%,4118,Card
1283,6/3/2025,June,C284,South ,Electronics,Headphones,5,202,1010,15%,859,Transfer
1284,9/6/2025,September,C285,South,Electronics,Tablet,5,1057,5285,20%,4228,Transfer
1285,9/6/2025,September,C286,North,Electronics,Phone,3,123,369,10%,332,Cash
1286,8/26/2025,August,C287,South,Home,Microwave,4,933,3732,20%,2986,Transfer
1288,8/26/2025,August,C289,North,Electronics,Phone,3,290,870,0%,870,Card
1289,5/10/2025,May,C290,West,Furniture,Sofa,3,536,1608,20%,1286,Transfer
1290,7/23/2025,July,C291,North,Electronics,Headphones,2,631,1262,10%,1136,Cash
1291,11/24/2025,November,C292,South,Home,Oven,1,136,136,20%,109,Cash
1292,12/5/2025,December,C293,West,Electronics,Tablet,3,848,2544,0%,2544,Transfer
1293,4/8/2025,April,C294,South ,Home,Oven,2,368,736,5%,699,Cash
1294,2/19/2025,February,C295,South,Electronics,Laptop,1,747,747,15%,635,Cash
1295,10/7/2025,October,C296,West,Electronics,Headphones,4,1291,5164,20%,4131,Card
1296,12/15/2025,December,C297,South,Furniture,Sofa,3,1186,3558,5%,3380,Cash
1297,4/3/2025,April,C298,East,Electronics,Phone,3,580,1740,20%,1392,Card
1298,9/8/2025,September,C299,South ,Home,Blender,3,997,2991,5%,2841,Transfer
1299,7/11/2025,July,C300,South,Electronics,Phone,5,529,2645,10%,2381,Card
1300,2/22/2025,February,C301,East,Home,Microwave,5,1085,5425,0%,5425,Card
1301,6/25/2025,June,C302,West,Furniture,Chair,1,288,288,20%,230,Card
1302,3/5/2025,March,C303,South ,Home,Oven,4,119,476,0%,476,Transfer
1303,11/1/2025,November,C304,West,Home,Oven,2,991,1982,0%,1982,Transfer
1304,1/5/2025,January,C305,North,Electronics,Tablet,3,234,702,10%,632,Card
1305,2/24/2025,February,C306,South,Home,Blender,2,348,696,15%,592,Card
1306,12/19/2025,December,C307,South ,Electronics,Laptop,4,1390,5560,20%,4448,Card
1308,6/10/2025,June,C309,North,Electronics,Tablet,2,752,1504,10%,1354,Transfer
1309,2/17/2025,February,C310,West,Home,Blender,5,999,4995,5%,4745,Card
1310,3/9/2025,March,C311,North,Electronics,Headphones,3,1185,3555,15%,3022,Cash
1311,10/11/2025,October,C312,West,Electronics,Laptop,3,922,2766,10%,2489,Transfer
1312,10/6/2025,October,C313,South ,Electronics,Headphones,1,1391,1391,0%,1391,Transfer
1313,10/6/2025,October,C314,West,Home,Blender,1,1163,1163,0%,1163,Transfer
1314,3/22/2025,March,C315,North,Furniture,Sofa,1,697,697,5%,662,Transfer
1315,11/26/2025,November,C316,North,Electronics,Laptop,3,935,2805,0%,2805,Transfer
1316,10/1/2025,October,C317,North,Electronics,Laptop,4,1287,5148,20%,4118,Card
1317,12/2/2025,December,C318,South,Furniture,Sofa,4,1289,5156,10%,4640,Transfer
1318,12/2/2025,December,C319,North,Furniture,Sofa,5,617,3085,0%,3085,Card
1319,3/26/2025,March,C320,North,Electronics,Headphones,1,404,404,5%,384,Cash
1320,4/8/2025,April,C321,West,Electronics,Headphones,4,295,1180,0%,1180,Card
1321,10/11/2025,October,C322,South,Electronics,Tablet,5,282,1410,20%,1128,Cash
1322,9/16/2025,September,C323,East,Furniture,Sofa,2,947,1894,20%,1515,Transfer
1323,9/16/2025,September,C324,South ,Furniture,Chair,1,449,449,10%,404,Transfer
1324,3/9/2025,March,C325,North,Electronics,Laptop,2,1171,2342,0%,2342,Transfer
1326,3/24/2025,March,C327,South ,Furniture,Chair,4,86,344,20%,275,Transfer
1327,10/15/2025,October,C328,North,Electronics,Phone,3,813,2439,0%,2439,Cash
1328,10/10/2025,October,C329,North,Furniture,Chair,5,1463,7315,20%,5852,Transfer
1329,5/11/2025,May,C330,East,Furniture,Table,5,172,860,20%,688,Card
1330,5/11/2025,May,C331,South,Electronics,Headphones,2,31,62,5%,59,Card
1331,3/20/2025,March,C332,West,Home,Oven,2,169,338,5%,321,Card
1334,3/20/2025,March,C335,East,Electronics,Laptop,3,545,1635,20%,1308,Cash
1335,9/21/2025,September,C336,South ,Furniture,Sofa,4,188,752,20%,602,Transfer
1336,1/4/2025,January,C337,South ,Electronics,Laptop,1,1121,1121,0%,1121,Cash
1338,10/22/2025,October,C339,South ,Home,Blender,2,54,108,0%,108,Transfer
1339,10/22/2025,October,C340,South ,Furniture,Sofa,4,237,948,20%,758,Card
1340,5/25/2025,May,C341,West,Home,Oven,1,299,299,20%,239,Cash
1341,5/25/2025,May,C342,North,Home,Oven,1,272,272,20%,218,Transfer
1342,7/21/2025,July,C343,South,Home,Oven,1,349,349,10%,314,Card
1345,6/6/2025,June,C346,West,Electronics,Phone,2,524,1048,0%,1048,Cash
1346,5/22/2025,May,C347,West,Furniture,Sofa,2,1017,2034,20%,1627,Card
1348,5/22/2025,May,C349,East,Home,Oven,3,1359,4077,5%,3873,Transfer
1350,3/26/2025,March,C351,North,Home,Microwave,2,102,204,0%,204,Cash
1351,9/7/2025,September,C352,East,Home,Microwave,3,115,345,0%,345,Cash
1352,2/22/2025,February,C353,North,Electronics,Headphones,1,791,791,0%,791,Card
1353,2/22/2025,February,C354,North,Furniture,Sofa,2,1017,2034,0%,2034,Transfer
1354,3/13/2025,March,C355,South,Electronics,Tablet,1,761,761,0%,761,Card
1355,8/1/2025,August,C356,West,Electronics,Headphones,1,1345,1345,0%,1345,Card
1356,10/21/2025,October,C357,South,Electronics,Tablet,2,388,776,20%,621,Transfer
1357,1/10/2025,January,C358,South,Electronics,Headphones,3,1006,3018,20%,2414,Card
1358,10/26/2025,October,C359,South,Home,Microwave,4,1229,4916,5%,4670,Card
1359,9/1/2025,September,C360,South ,Furniture,Table,4,217,868,20%,694,Card
1360,9/30/2025,September,C361,North,Electronics,Phone,5,1349,6745,0%,6745,Transfer
1362,5/26/2025,May,C363,South ,Electronics,Headphones,4,261,1044,5%,992,Transfer
1363,6/11/2025,June,C364,East,Home,Oven,3,1176,3528,0%,3528,Cash
1364,4/15/2025,April,C365,North,Home,Microwave,2,648,1296,15%,1102,Transfer
1365,3/12/2025,March,C366,South ,Electronics,Laptop,1,1061,1061,20%,849,Transfer
1366,12/23/2025,December,C367,North,Home,Microwave,4,911,3644,10%,3280,Card
1367,8/11/2025,August,C368,North,Furniture,Table,5,1243,6215,5%,5904,Transfer
1368,9/11/2025,September,C369,East,Electronics,Phone,4,1065,4260,5%,4047,Transfer
1369,1/19/2025,January,C370,East,Furniture,Sofa,5,829,4145,0%,4145,Transfer
1370,1/19/2025,January,C371,South ,Electronics,Headphones,2,731,1462,20%,1170,Card
1372,10/3/2025,October,C373,North,Furniture,Chair,2,959,1918,0%,1918,Cash
1373,1/3/2025,January,C374,South ,Furniture,Sofa,3,743,2229,10%,2006,Card
1374,1/3/2025,January,C375,North,Electronics,Tablet,3,662,1986,10%,1787,Card
1375,12/16/2025,December,C376,South ,Electronics,Tablet,1,489,489,20%,391,Cash
1377,9/9/2025,September,C378,East,Furniture,Chair,4,282,1128,15%,959,Transfer
1378,1/17/2025,January,C379,West,Home,Oven,3,666,1998,5%,1898,Cash
1379,1/17/2025,January,C380,South,Furniture,Table,1,571,571,10%,514,Card
1380,9/13/2025,September,C381,West,Home,Microwave,1,1190,1190,5%,1131,Card
1383,9/13/2025,September,C384,East,Home,Oven,4,547,2188,10%,1969,Transfer
1384,7/11/2025,July,C385,South,Furniture,Sofa,2,1398,2796,15%,2377,Card
1385,7/15/2025,July,C386,South ,Home,Blender,5,1274,6370,0%,6370,Card
1386,3/24/2025,March,C387,North,Furniture,Table,3,763,2289,15%,1946,Cash
1387,3/24/2025,March,C388,South ,Electronics,Tablet,5,1455,7275,15%,6184,Card
1388,3/24/2025,March,C389,North,Home,Blender,4,190,760,0%,760,Transfer
1390,8/28/2025,August,C391,South,Electronics,Tablet,4,1243,4972,20%,3978,Cash
1391,9/26/2025,September,C392,North,Electronics,Laptop,3,650,1950,10%,1755,Card
1392,1/1/2025,January,C393,West,Electronics,Phone,5,1027,5135,0%,5135,Cash
1393,5/30/2025,May,C394,West,Home,Blender,3,531,1593,15%,1354,Cash
1394,5/30/2025,May,C395,North,Furniture,Table,2,1348,2696,15%,2292,Card
1395,5/2/2025,May,C396,North,Furniture,Table,5,1295,6475,5%,6151,Card
1396,1/10/2025,January,C397,East,Home,Microwave,5,36,180,15%,153,Card
1398,1/10/2025,January,C399,West,Electronics,Laptop,5,529,2645,5%,2513,Transfer
1399,1/10/2025,January,C400,North,Home,Microwave,3,1415,4245,5%,4033,Transfer
1400,1/22/2025,January,C401,South ,Furniture,Chair,2,126,252,0%,252,Card
1402,3/21/2025,March,C403,South ,Furniture,Sofa,5,142,710,0%,710,Transfer
1403,3/21/2025,March,C404,South ,Home,Microwave,5,415,2075,15%,1764,Cash
1404,10/3/2025,October,C405,South ,Home,Oven,2,1131,2262,5%,2149,Transfer
1405,6/28/2025,June,C406,South,Home,Oven,1,940,940,10%,846,Cash
1406,1/1/2025,January,C407,North,Electronics,Headphones,1,676,676,20%,541,Cash
1408,1/1/2025,January,C409,North,Home,Blender,5,1023,5115,10%,4604,Card
1409,7/7/2025,July,C410,South,Electronics,Laptop,3,1328,3984,15%,3386,Cash
1411,9/30/2025,September,C412,South ,Home,Oven,5,1163,5815,0%,5815,Transfer
1412,7/3/2025,July,C413,South,Home,Oven,3,1053,3159,20%,2527,Cash
1413,6/30/2025,June,C414,West,Furniture,Sofa,4,512,2048,20%,1638,Transfer
1414,5/11/2025,May,C415,South ,Electronics,Tablet,4,53,212,10%,191,Card
1415,6/3/2025,June,C416,North,Home,Oven,4,1190,4760,10%,4284,Card
1418,8/11/2025,August,C419,South ,Electronics,Phone,5,1314,6570,0%,6570,Cash
1419,10/4/2025,October,C420,North,Home,Microwave,4,1198,4792,10%,4313,Cash
1420,10/4/2025,October,C421,South ,Home,Oven,3,557,1671,0%,1671,Card
1421,3/11/2025,March,C422,South,Electronics,Headphones,5,1093,5465,15%,4645,Cash
1422,12/17/2025,December,C423,East,Furniture,Chair,2,725,1450,10%,1305,Card
1423,6/29/2025,June,C424,West,Furniture,Chair,1,1423,1423,0%,1423,Card
1424,6/29/2025,June,C425,East,Furniture,Sofa,5,247,1235,10%,1112,Card
1425,3/10/2025,March,C426,North,Electronics,Headphones,5,309,1545,15%,1313,Transfer
1427,5/19/2025,May,C428,North,Home,Blender,1,799,799,10%,719,Cash
1428,11/2/2025,November,C429,North,Electronics,Phone,1,1104,1104,0%,1104,Card
1429,1/10/2025,January,C430,North,Electronics,Phone,5,547,2735,0%,2735,Transfer
1430,1/10/2025,January,C431,South ,Electronics,Laptop,5,802,4010,0%,4010,Transfer
1431,4/27/2025,April,C432,North,Home,Microwave,4,289,1156,20%,925,Transfer
1432,4/14/2025,April,C433,South,Furniture,Table,5,1176,5880,20%,4704,Transfer
1433,2/3/2025,February,C434,South ,Furniture,Sofa,3,862,2586,0%,2586,Transfer
1434,2/3/2025,February,C435,South,Electronics,Headphones,4,566,2264,20%,1811,Card
1435,4/29/2025,April,C436,South,Electronics,Headphones,3,1478,4434,15%,3769,Cash
1436,4/29/2025,April,C437,West,Electronics,Tablet,3,475,1425,5%,1354,Card
1437,4/1/2025,April,C438,South ,Home,Microwave,1,895,895,0%,895,Cash
1439,10/3/2025,October,C440,South ,Furniture,Chair,2,920,1840,10%,1656,Cash
1441,7/10/2025,July,C442,North,Home,Microwave,4,1479,5916,0%,5916,Cash
1442,6/15/2025,June,C443,North,Home,Microwave,5,763,3815,0%,3815,Transfer
1443,11/10/2025,November,C444,East,Electronics,Tablet,1,316,316,15%,269,Cash
1445,10/6/2025,October,C446,North,Home,Microwave,3,924,2772,5%,2633,Transfer
1446,5/23/2025,May,C447,South,Electronics,Phone,5,734,3670,0%,3670,Transfer
1447,10/23/2025,October,C448,North,Furniture,Table,1,1396,1396,0%,1396,Transfer
1448,10/21/2025,October,C449,East,Electronics,Laptop,2,681,1362,0%,1362,Cash
1449,9/10/2025,September,C450,South ,Furniture,Sofa,4,867,3468,20%,2774,Card
1450,2/25/2025,February,C451,West,Furniture,Table,3,1266,3798,20%,3038,Transfer
1451,7/1/2025,July,C452,West,Electronics,Headphones,1,1471,1471,0%,1471,Card
1452,8/27/2025,August,C453,West,Furniture,Sofa,2,1167,2334,0%,2334,Card
1453,8/27/2025,August,C454,East,Home,Oven,2,32,64,15%,54,Transfer
1455,6/21/2025,June,C456,North,Electronics,Headphones,5,1408,7040,5%,6688,Transfer
1456,12/17/2025,December,C457,South,Electronics,Phone,2,788,1576,20%,1261,Transfer
1457,12/17/2025,December,C458,South ,Electronics,Phone,2,867,1734,10%,1561,Cash
1459,4/8/2025,April,C460,East,Electronics,Laptop,4,1405,5620,0%,5620,Cash
1460,7/18/2025,July,C461,North,Electronics,Laptop,2,976,1952,0%,1952,Transfer
1461,9/6/2025,September,C462,East,Furniture,Chair,2,586,1172,0%,1172,Card
1463,12/27/2025,December,C464,North,Home,Oven,3,123,369,0%,369,Card
1464,2/24/2025,February,C465,North,Electronics,Tablet,2,425,850,20%,680,Card
1465,8/27/2025,August,C466,North,Furniture,Table,5,1339,6695,5%,6360,Card
1466,3/15/2025,March,C467,South,Furniture,Sofa,3,1018,3054,15%,2596,Card
1467,6/29/2025,June,C468,North,Electronics,Tablet,4,230,920,0%,920,Cash
1468,10/12/2025,October,C469,North,Furniture,Chair,4,519,2076,15%,1765,Card
1469,10/12/2025,October,C470,West,Furniture,Sofa,4,1441,5764,0%,5764,Transfer
1470,12/31/2025,December,C471,East,Electronics,Laptop,3,380,1140,20%,912,Card
1471,12/17/2025,December,C472,South ,Electronics,Laptop,1,304,304,0%,304,Card
1472,3/17/2025,March,C473,West,Furniture,Chair,5,668,3340,0%,3340,Cash
1473,8/11/2025,August,C474,North,Home,Oven,3,281,843,20%,674,Card
1474,1/1/2025,January,C475,North,Home,Blender,5,1228,6140,15%,5219,Cash
1475,7/15/2025,July,C476,South,Home,Blender,2,874,1748,0%,1748,Card
1476,10/3/2025,October,C477,South ,Home,Blender,1,193,193,15%,164,Transfer
1477,11/6/2025,November,C478,North,Home,Blender,2,482,964,20%,771,Cash
1478,5/2/2025,May,C479,East,Electronics,Phone,4,1009,4036,15%,3431,Transfer
1479,10/2/2025,October,C480,West,Electronics,Laptop,4,1269,5076,0%,5076,Transfer
1480,9/12/2025,September,C481,East,Electronics,Phone,2,1115,2230,20%,1784,Cash
1481,10/21/2025,October,C482,East,Electronics,Phone,5,1243,6215,20%,4972,Cash
1482,2/1/2025,February,C483,South ,Electronics,Phone,2,1012,2024,10%,1822,Cash
1483,3/9/2025,March,C484,North,Electronics,Headphones,5,329,1645,5%,1563,Cash
1484,3/9/2025,March,C485,North,Electronics,Laptop,1,1239,1239,15%,1053,Cash
1486,8/26/2025,August,C487,South,Home,Blender,3,557,1671,0%,1671,Cash
1487,8/18/2025,August,C488,North,Furniture,Sofa,3,1270,3810,10%,3429,Cash
1488,5/17/2025,May,C489,South ,Electronics,Headphones,1,1084,1084,5%,1030,Cash
1490,5/17/2025,May,C491,North,Electronics,Phone,4,1364,5456,20%,4365,Transfer
1492,11/24/2025,November,C493,East,Electronics,Laptop,2,147,294,0%,294,Cash
1493,11/24/2025,November,C494,North,Furniture,Table,5,1027,5135,15%,4365,Card
1494,11/11/2025,November,C495,North,Electronics,Laptop,4,533,2132,15%,1812,Card
1495,12/1/2025,December,C496,South,Home,Blender,4,27,108,15%,92,Cash
1496,8/12/2025,August,C497,North,Electronics,Phone,3,1431,4293,20%,3434,Transfer
1498,11/10/2025,November,C499,East,Electronics,Laptop,5,1430,7150,0%,7150,Cash
1499,8/4/2025,August,C500,West,Electronics,Laptop,4,1337,5348,15%,4546,Card
1500,1/19/2025,January,C501,North,Home,Oven,3,1408,4224,0%,4224,Transfer
1501,4/30/2025,April,C502,West,Electronics,Phone,1,1456,1456,0%,1456,Card
1502,6/7/2025,June,C503,North,Home,Microwave,4,1280,5120,15%,4352,Cash
1505,6/7/2025,June,C506,North,Electronics,Laptop,5,1354,6770,0%,6770,Cash
1506,6/7/2025,June,C507,North,Home,Blender,1,377,377,5%,358,Transfer
1507,9/13/2025,September,C508,East,Electronics,Phone,4,502,2008,0%,2008,Transfer
1509,1/4/2025,January,C510,South ,Electronics,Tablet,1,910,910,15%,774,Card
1511,4/12/2025,April,C512,East,Electronics,Laptop,1,864,864,5%,821,Card
1512,8/30/2025,August,C513,North,Furniture,Table,3,784,2352,0%,2352,Cash
1515,8/31/2025,August,C516,South,Home,Blender,4,475,1900,5%,1805,Transfer
1516,1/3/2025,January,C517,North,Home,Oven,3,1001,3003,0%,3003,Cash
1517,11/9/2025,November,C518,South ,Furniture,Chair,1,754,754,0%,754,Card
1518,9/3/2025,September,C519,South ,Electronics,Phone,3,969,2907,15%,2471,Card
1519,7/9/2025,July,C520,South ,Home,Blender,5,701,3505,10%,3155,Transfer
1520,11/10/2025,November,C521,North,Electronics,Phone,4,1401,5604,15%,4763,Cash
1521,8/27/2025,August,C522,South ,Home,Oven,5,439,2195,20%,1756,Card
1522,11/29/2025,November,C523,South ,Furniture,Sofa,2,567,1134,0%,1134,Card
1523,7/10/2025,July,C524,West,Home,Oven,2,945,1890,0%,1890,Card
1524,4/7/2025,April,C525,East,Electronics,Laptop,1,585,585,5%,556,Card
1525,9/24/2025,September,C526,South,Furniture,Sofa,3,929,2787,5%,2648,Card
1526,1/12/2025,January,C527,West,Furniture,Sofa,5,1343,6715,0%,6715,Transfer
1527,9/29/2025,September,C528,East,Electronics,Tablet,1,1011,1011,0%,1011,Card
1528,9/29/2025,September,C529,South ,Furniture,Table,1,379,379,0%,379,Card
1529,9/29/2025,September,C530,East,Electronics,Tablet,3,553,1659,0%,1659,Card
1531,9/29/2025,September,C532,North,Electronics,Tablet,3,613,1839,20%,1471,Transfer
1533,11/13/2025,November,C534,North,Electronics,Headphones,4,474,1896,5%,1801,Card
1534,2/12/2025,February,C535,North,Furniture,Chair,3,670,2010,0%,2010,Transfer
1535,7/4/2025,July,C536,East,Electronics,Tablet,2,739,1478,20%,1182,Card
1536,4/21/2025,April,C537,East,Home,Blender,5,868,4340,0%,4340,Card
1538,10/12/2025,October,C539,South,Furniture,Table,4,1024,4096,10%,3686,Transfer
1539,6/5/2025,June,C540,South,Electronics,Tablet,5,1323,6615,10%,5954,Cash
1540,4/2/2025,April,C541,East,Electronics,Laptop,4,760,3040,10%,2736,Transfer
1541,12/18/2025,December,C542,South ,Electronics,Phone,2,353,706,15%,600,Transfer
1542,3/11/2025,March,C543,North,Electronics,Tablet,4,1328,5312,0%,5312,Card
1543,2/18/2025,February,C544,South ,Electronics,Tablet,5,1449,7245,20%,5796,Cash
1544,2/18/2025,February,C545,West,Furniture,Sofa,1,229,229,5%,218,Transfer
1545,11/11/2025,November,C546,South ,Home,Blender,3,176,528,0%,528,Cash
1548,12/4/2025,December,C549,North,Electronics,Tablet,5,41,205,20%,164,Card
1549,10/28/2025,October,C550,South,Electronics,Headphones,2,741,1482,0%,1482,Transfer
1550,5/4/2025,May,C551,North,Furniture,Chair,2,371,742,0%,742,Card
1551,4/20/2025,April,C552,West,Electronics,Tablet,2,797,1594,15%,1355,Card
1552,10/6/2025,October,C553,West,Electronics,Tablet,4,1498,5992,10%,5393,Cash
1553,3/1/2025,March,C554,South,Home,Blender,2,896,1792,15%,1523,Transfer
1554,8/7/2025,August,C555,South ,Home,Blender,3,1090,3270,5%,3107,Cash
1555,7/25/2025,July,C556,North,Furniture,Chair,2,430,860,0%,860,Card
1556,8/6/2025,August,C557,North,Home,Blender,2,994,1988,15%,1690,Transfer
1557,8/6/2025,August,C558,East,Home,Microwave,1,1306,1306,0%,1306,Card
1558,2/4/2025,February,C559,South,Electronics,Headphones,4,217,868,20%,694,Cash
1559,2/4/2025,February,C560,North,Home,Oven,2,1127,2254,0%,2254,Cash
1560,3/2/2025,March,C561,North,Electronics,Tablet,4,1370,5480,0%,5480,Card
1561,9/9/2025,September,C562,North,Home,Oven,5,1124,5620,5%,5339,Transfer
1563,9/9/2025,September,C564,West,Home,Blender,2,751,1502,5%,1427,Card
1564,5/1/2025,May,C565,East,Furniture,Sofa,1,60,60,0%,60,Cash
1565,10/18/2025,October,C566,West,Electronics,Phone,2,793,1586,0%,1586,Cash
1566,2/21/2025,February,C567,South,Furniture,Table,2,912,1824,0%,1824,Transfer
1567,2/21/2025,February,C568,North,Furniture,Chair,4,208,832,20%,666,Cash
1570,4/20/2025,April,C571,South ,Electronics,Headphones,3,1179,3537,5%,3360,Cash
1572,4/20/2025,April,C573,South,Electronics,Tablet,1,76,76,15%,65,Cash
1574,11/26/2025,November,C575,North,Furniture,Sofa,4,630,2520,15%,2142,Cash
1575,12/10/2025,December,C576,South,Electronics,Headphones,5,1044,5220,20%,4176,Transfer
1576,5/9/2025,May,C577,East,Home,Blender,5,503,2515,0%,2515,Card
1577,4/20/2025,April,C578,West,Furniture,Sofa,5,251,1255,0%,1255,Card
1579,5/10/2025,May,C580,South ,Home,Oven,1,926,926,15%,787,Cash
1580,4/6/2025,April,C581,East,Electronics,Tablet,3,1313,3939,0%,3939,Cash
1581,4/6/2025,April,C582,West,Furniture,Sofa,5,885,4425,5%,4204,Transfer
1582,5/14/2025,May,C583,South ,Home,Microwave,5,76,380,5%,361,Transfer
1584,11/1/2025,November,C585,South ,Electronics,Tablet,1,1427,1427,10%,1284,Card
1585,2/13/2025,February,C586,South,Electronics,Phone,4,1345,5380,0%,5380,Cash
1586,12/4/2025,December,C587,West,Home,Blender,4,552,2208,5%,2098,Transfer
1587,2/3/2025,February,C588,South ,Electronics,Laptop,1,1481,1481,10%,1333,Cash
1588,9/11/2025,September,C589,East,Home,Blender,1,856,856,10%,770,Card
1589,11/13/2025,November,C590,North,Home,Microwave,1,682,682,5%,648,Transfer
1590,7/16/2025,July,C591,North,Electronics,Phone,2,500,1000,20%,800,Transfer
1591,11/3/2025,November,C592,North,Home,Blender,2,828,1656,20%,1325,Card
1593,10/6/2025,October,C594,South ,Home,Blender,2,559,1118,10%,1006,Transfer
1595,10/6/2025,October,C596,West,Home,Microwave,2,1472,2944,0%,2944,Transfer
1596,10/6/2025,October,C597,South,Home,Oven,2,1173,2346,20%,1877,Card
1598,10/30/2025,October,C599,North,Home,Microwave,3,1306,3918,0%,3918,Cash
1599,1/23/2025,January,C600,South,Electronics,Phone,5,599,2995,0%,2995,Transfer
1600,11/5/2025,November,C601,North,Furniture,Chair,1,815,815,0%,815,Card
1601,3/3/2025,March,C602,South ,Electronics,Tablet,2,1382,2764,5%,2626,Cash
1602,8/17/2025,August,C603,North,Furniture,Sofa,4,401,1604,0%,1604,Transfer
1604,3/18/2025,March,C605,North,Furniture,Table,4,117,468,20%,374,Card
1605,9/19/2025,September,C606,East,Electronics,Tablet,4,187,748,0%,748,Transfer
1606,9/19/2025,September,C607,North,Home,Blender,5,629,3145,0%,3145,Cash
1607,11/16/2025,November,C608,South,Electronics,Laptop,5,1257,6285,15%,5342,Transfer
1608,10/1/2025,October,C609,South ,Home,Microwave,5,849,4245,20%,3396,Transfer
1609,9/7/2025,September,C610,East,Electronics,Tablet,1,48,48,0%,48,Card
1611,1/3/2025,January,C612,West,Electronics,Phone,3,1218,3654,15%,3106,Card
1612,1/3/2025,January,C613,West,Electronics,Headphones,4,1155,4620,15%,3927,Cash
1614,8/2/2025,August,C615,West,Electronics,Phone,1,609,609,15%,518,Card
1615,8/2/2025,August,C616,North,Furniture,Table,2,1500,3000,0%,3000,Transfer
1616,7/4/2025,July,C617,East,Home,Microwave,1,374,374,0%,374,Cash
1617,9/10/2025,September,C618,North,Electronics,Tablet,2,1406,2812,20%,2250,Card
1618,2/2/2025,February,C619,South,Furniture,Table,2,747,1494,20%,1195,Cash
1619,3/19/2025,March,C620,South ,Home,Microwave,3,247,741,20%,593,Card
1620,3/19/2025,March,C621,South,Electronics,Tablet,5,618,3090,15%,2627,Transfer
1621,3/19/2025,March,C622,North,Home,Microwave,3,33,99,10%,89,Cash
1622,3/19/2025,March,C623,East,Electronics,Tablet,4,883,3532,15%,3002,Cash
1626,7/26/2025,July,C627,South ,Home,Blender,1,637,637,15%,541,Transfer
1627,3/6/2025,March,C628,North,Home,Oven,2,1321,2642,20%,2114,Transfer
1628,3/6/2025,March,C629,North,Electronics,Phone,2,551,1102,0%,1102,Transfer
1629,3/5/2025,March,C630,East,Electronics,Headphones,4,1483,5932,20%,4746,Transfer
1630,4/30/2025,April,C631,South ,Home,Blender,4,527,2108,5%,2003,Cash
1631,4/30/2025,April,C632,North,Electronics,Phone,3,286,858,10%,772,Transfer
1632,9/27/2025,September,C633,North,Home,Blender,3,1431,4293,15%,3649,Card
1633,3/15/2025,March,C634,North,Furniture,Chair,3,989,2967,5%,2819,Transfer
1634,7/9/2025,July,C635,North,Electronics,Headphones,2,102,204,10%,184,Cash
1635,5/6/2025,May,C636,South,Electronics,Headphones,3,119,357,10%,321,Card
1636,4/4/2025,April,C637,North,Home,Blender,3,1193,3579,10%,3221,Cash
1637,9/1/2025,September,C638,North,Home,Microwave,5,939,4695,0%,4695,Transfer
1638,12/7/2025,December,C639,North,Home,Microwave,5,588,2940,0%,2940,Card
1639,10/20/2025,October,C640,South ,Electronics,Laptop,1,1287,1287,20%,1030,Transfer
1641,10/20/2025,October,C642,West,Electronics,Phone,3,67,201,0%,201,Transfer
1642,6/12/2025,June,C643,South,Electronics,Tablet,1,543,543,15%,462,Transfer
1643,6/12/2025,June,C644,North,Electronics,Tablet,3,222,666,10%,599,Cash
1644,7/12/2025,July,C645,North,Furniture,Chair,3,1061,3183,0%,3183,Cash
1645,2/1/2025,February,C646,West,Electronics,Phone,2,1154,2308,5%,2193,Transfer
1646,11/30/2025,November,C647,South ,Furniture,Chair,1,784,784,5%,745,Transfer
1647,8/5/2025,August,C648,West,Furniture,Table,5,362,1810,15%,1539,Cash
1648,3/11/2025,March,C649,South ,Electronics,Headphones,4,596,2384,0%,2384,Transfer
1649,3/11/2025,March,C650,South,Furniture,Table,3,451,1353,10%,1218,Transfer
1650,6/25/2025,June,C651,South,Furniture,Sofa,1,961,961,0%,961,Card
1651,11/27/2025,November,C652,North,Home,Blender,4,1446,5784,20%,4627,Card
1652,11/29/2025,November,C653,South ,Furniture,Sofa,3,1251,3753,0%,3753,Card
1653,3/5/2025,March,C654,South ,Electronics,Tablet,5,1472,7360,20%,5888,Transfer
1654,6/5/2025,June,C655,North,Home,Microwave,5,1467,7335,0%,7335,Cash
1655,2/26/2025,February,C656,South,Electronics,Headphones,4,379,1516,0%,1516,Card
1656,5/13/2025,May,C657,South,Home,Oven,4,537,2148,0%,2148,Cash
1658,5/13/2025,May,C659,West,Electronics,Phone,3,418,1254,0%,1254,Transfer
1659,4/26/2025,April,C660,South,Furniture,Sofa,2,148,296,15%,252,Cash
1660,1/13/2025,January,C661,South,Home,Microwave,1,717,717,20%,574,Card
1663,1/13/2025,January,C664,North,Electronics,Phone,3,806,2418,20%,1934,Transfer
1664,2/21/2025,February,C665,North,Electronics,Headphones,1,241,241,0%,241,Transfer
1665,4/10/2025,April,C666,West,Electronics,Headphones,3,400,1200,0%,1200,Card
1666,6/9/2025,June,C667,East,Home,Oven,1,321,321,10%,289,Cash
1667,1/5/2025,January,C668,North,Electronics,Phone,3,724,2172,5%,2063,Card
1668,1/5/2025,January,C669,North,Electronics,Headphones,4,707,2828,5%,2687,Card
1669,8/21/2025,August,C670,South ,Furniture,Chair,3,1297,3891,10%,3502,Transfer
1670,12/7/2025,December,C671,East,Electronics,Laptop,2,81,162,15%,138,Card
1671,11/20/2025,November,C672,North,Furniture,Chair,2,376,752,5%,714,Cash
1672,11/10/2025,November,C673,East,Electronics,Phone,5,301,1505,0%,1505,Cash
1673,4/18/2025,April,C674,North,Home,Blender,5,153,765,5%,727,Card
1674,4/9/2025,April,C675,South ,Electronics,Phone,4,1222,4888,5%,4644,Cash
1675,7/5/2025,July,C676,North,Home,Microwave,1,186,186,20%,149,Card
1676,3/27/2025,March,C677,East,Home,Oven,3,386,1158,0%,1158,Cash
1677,9/11/2025,September,C678,South ,Furniture,Chair,1,435,435,5%,413,Cash
1678,8/6/2025,August,C679,East,Electronics,Laptop,1,192,192,5%,182,Transfer
1679,1/22/2025,January,C680,West,Furniture,Sofa,3,669,2007,15%,1706,Card
1680,5/16/2025,May,C681,North,Electronics,Laptop,2,486,972,0%,972,Transfer
1681,4/13/2025,April,C682,South,Electronics,Tablet,5,1132,5660,10%,5094,Cash
1682,6/27/2025,June,C683,South ,Home,Microwave,5,1069,5345,15%,4543,Card
1684,4/18/2025,April,C685,South,Electronics,Tablet,2,39,78,10%,70,Cash
1687,8/20/2025,August,C688,South,Electronics,Headphones,3,74,222,15%,189,Cash
1688,8/20/2025,August,C689,West,Furniture,Sofa,4,42,168,15%,143,Cash
1689,3/22/2025,March,C690,West,Electronics,Tablet,1,654,654,15%,556,Card
1690,11/6/2025,November,C691,East,Electronics,Phone,1,932,932,5%,885,Transfer
1691,6/18/2025,June,C692,North,Electronics,Tablet,5,954,4770,10%,4293,Cash
1692,11/10/2025,November,C693,North,Home,Microwave,3,1369,4107,15%,3491,Transfer
1693,11/10/2025,November,C694,South ,Furniture,Table,5,156,780,5%,741,Cash
1694,7/30/2025,July,C695,North,Furniture,Sofa,3,943,2829,0%,2829,Cash
1695,7/30/2025,July,C696,West,Home,Blender,1,832,832,10%,749,Card
1696,12/30/2025,December,C697,West,Electronics,Laptop,4,1365,5460,5%,5187,Cash
1698,12/30/2025,December,C699,South,Home,Oven,1,925,925,20%,740,Transfer
1700,3/5/2025,March,C701,North,Furniture,Sofa,1,1412,1412,0%,1412,Transfer
1701,3/27/2025,March,C702,East,Furniture,Chair,4,444,1776,15%,1510,Card
1704,5/9/2025,May,C705,South ,Furniture,Sofa,1,1321,1321,0%,1321,Cash
1705,2/4/2025,February,C706,North,Home,Oven,4,1463,5852,20%,4682,Card
1706,8/6/2025,August,C707,North,Electronics,Phone,1,787,787,15%,669,Card
1707,8/6/2025,August,C708,South ,Electronics,Tablet,2,670,1340,20%,1072,Cash
1708,11/28/2025,November,C709,East,Furniture,Chair,4,130,520,5%,494,Transfer
1711,5/6/2025,May,C712,West,Electronics,Tablet,3,183,549,15%,467,Card
1712,8/30/2025,August,C713,West,Home,Blender,3,190,570,20%,456,Transfer
1713,3/20/2025,March,C714,West,Home,Blender,4,1261,5044,0%,5044,Cash
1714,11/4/2025,November,C715,North,Home,Microwave,3,871,2613,10%,2352,Cash
1715,9/8/2025,September,C716,North,Electronics,Headphones,1,417,417,0%,417,Cash
1716,9/18/2025,September,C717,South ,Home,Blender,5,525,2625,10%,2363,Transfer
1717,12/28/2025,December,C718,North,Furniture,Table,2,526,1052,5%,999,Card
1718,3/1/2025,March,C719,South ,Electronics,Laptop,4,406,1624,15%,1380,Cash
1719,12/21/2025,December,C720,North,Home,Blender,5,202,1010,10%,909,Card
1721,2/12/2025,February,C722,East,Electronics,Tablet,1,1016,1016,15%,864,Transfer
1722,2/12/2025,February,C723,South,Home,Blender,3,1303,3909,0%,3909,Card
1723,10/2/2025,October,C724,North,Electronics,Phone,4,500,2000,0%,2000,Card
1724,1/2/2025,January,C725,North,Furniture,Chair,4,34,136,10%,122,Cash
1725,8/31/2025,August,C726,East,Furniture,Sofa,5,836,4180,10%,3762,Cash
1726,8/31/2025,August,C727,South ,Electronics,Phone,4,271,1084,0%,1084,Card
1727,7/8/2025,July,C728,West,Electronics,Phone,5,679,3395,10%,3056,Card
1728,6/16/2025,June,C729,East,Home,Microwave,5,1452,7260,10%,6534,Transfer
1731,6/16/2025,June,C732,South ,Electronics,Tablet,4,1317,5268,0%,5268,Cash
1732,4/25/2025,April,C733,West,Home,Oven,3,497,1491,0%,1491,Card
1733,2/15/2025,February,C734,North,Electronics,Tablet,2,798,1596,0%,1596,Transfer
1734,2/10/2025,February,C735,East,Electronics,Tablet,4,1379,5516,15%,4689,Card
1735,10/3/2025,October,C736,South,Home,Microwave,1,1251,1251,0%,1251,Card
1736,11/3/2025,November,C737,South ,Home,Microwave,5,461,2305,15%,1959,Card
1737,11/3/2025,November,C738,South ,Electronics,Tablet,3,822,2466,5%,2343,Card
1738,10/8/2025,October,C739,West,Electronics,Laptop,4,599,2396,0%,2396,Transfer
1739,10/8/2025,October,C740,North,Home,Microwave,5,355,1775,15%,1509,Cash
1740,10/8/2025,October,C741,South ,Furniture,Sofa,5,1198,5990,5%,5691,Cash
1742,10/8/2025,October,C743,West,Electronics,Headphones,1,1356,1356,0%,1356,Transfer
1744,10/8/2025,October,C745,West,Electronics,Laptop,4,390,1560,0%,1560,Cash
1745,6/2/2025,June,C746,South,Electronics,Phone,3,1158,3474,20%,2779,Cash
1746,2/2/2025,February,C747,South,Electronics,Tablet,4,1443,5772,10%,5195,Card
1748,3/29/2025,March,C749,East,Home,Oven,2,1369,2738,15%,2327,Transfer
1749,6/10/2025,June,C750,North,Electronics,Laptop,5,111,555,10%,500,Card
1751,6/10/2025,June,C752,South ,Home,Oven,1,164,164,0%,164,Transfer
1752,6/10/2025,June,C753,North,Home,Blender,1,667,667,0%,667,Transfer
1755,8/9/2025,August,C756,East,Furniture,Table,4,222,888,15%,755,Card
1756,6/26/2025,June,C757,North,Home,Microwave,4,281,1124,0%,1124,Card
1757,3/12/2025,March,C758,North,Furniture,Chair,5,1266,6330,15%,5381,Cash
1758,8/28/2025,August,C759,East,Electronics,Tablet,3,660,1980,0%,1980,Transfer
1759,5/3/2025,May,C760,North,Electronics,Phone,3,1406,4218,15%,3585,Cash
1760,9/21/2025,September,C761,West,Electronics,Headphones,1,34,34,0%,34,Cash
1761,5/6/2025,May,C762,South ,Electronics,Phone,4,938,3752,20%,3002,Card
1762,5/6/2025,May,C763,East,Home,Blender,3,796,2388,10%,2149,Transfer
1763,5/8/2025,May,C764,East,Furniture,Table,2,456,912,0%,912,Transfer
1764,5/8/2025,May,C765,North,Electronics,Headphones,3,137,411,10%,370,Cash
1766,5/8/2025,May,C767,South ,Furniture,Chair,3,829,2487,5%,2363,Transfer
1767,5/8/2025,May,C768,South,Furniture,Sofa,5,908,4540,0%,4540,Card
1769,3/2/2025,March,C770,East,Home,Oven,5,816,4080,0%,4080,Card
1770,3/21/2025,March,C771,South ,Home,Blender,4,36,144,15%,122,Card
1772,8/31/2025,August,C773,North,Furniture,Chair,4,1308,5232,5%,4970,Cash
1773,8/31/2025,August,C774,West,Electronics,Headphones,1,206,206,20%,165,Cash
1774,12/25/2025,December,C775,North,Home,Blender,5,125,625,10%,563,Cash
1775,12/31/2025,December,C776,North,Electronics,Phone,5,678,3390,20%,2712,Card
1777,6/19/2025,June,C778,North,Furniture,Chair,5,585,2925,0%,2925,Card
1779,10/1/2025,October,C780,South ,Home,Oven,2,769,1538,15%,1307,Card
1780,9/5/2025,September,C781,South,Furniture,Table,5,284,1420,0%,1420,Transfer
1781,4/8/2025,April,C782,North,Home,Microwave,4,806,3224,20%,2579,Cash
1782,4/8/2025,April,C783,North,Home,Oven,3,1051,3153,10%,2838,Card
1784,1/27/2025,January,C785,North,Furniture,Sofa,5,1259,6295,0%,6295,Transfer
1785,5/16/2025,May,C786,North,Furniture,Sofa,1,592,592,20%,474,Transfer
1786,5/16/2025,May,C787,South ,Electronics,Headphones,4,442,1768,10%,1591,Card
1787,10/25/2025,October,C788,South,Furniture,Sofa,1,1001,1001,5%,951,Card
1788,4/7/2025,April,C789,North,Electronics,Tablet,1,827,827,5%,786,Card
1789,7/8/2025,July,C790,North,Electronics,Tablet,5,44,220,0%,220,Card
1790,1/7/2025,January,C791,South,Electronics,Tablet,1,1304,1304,0%,1304,Card
1791,10/5/2025,October,C792,South,Electronics,Headphones,3,354,1062,5%,1009,Card
1793,10/5/2025,October,C794,South ,Furniture,Chair,5,807,4035,0%,4035,Cash
1794,3/28/2025,March,C795,East,Electronics,Headphones,2,262,524,0%,524,Card
1795,6/11/2025,June,C796,North,Home,Blender,1,1386,1386,10%,1247,Cash
1796,6/11/2025,June,C797,East,Electronics,Phone,1,1363,1363,15%,1159,Transfer
1797,9/2/2025,September,C798,South,Furniture,Sofa,1,392,392,15%,333,Cash
1798,9/4/2025,September,C799,South,Home,Blender,3,1145,3435,20%,2748,Transfer
1799,4/28/2025,April,C800,South ,Electronics,Laptop,1,760,760,0%,760,Cash
1800,10/13/2025,October,C801,East,Electronics,Tablet,3,315,945,15%,803,Card
1801,4/18/2025,April,C802,West,Home,Blender,2,130,260,0%,260,Cash
1802,11/1/2025,November,C803,South,Electronics,Phone,4,872,3488,0%,3488,Card
1804,11/1/2025,November,C805,South ,Home,Oven,5,548,2740,0%,2740,Card
1805,8/5/2025,August,C806,South,Home,Blender,4,134,536,0%,536,Transfer
1806,11/6/2025,November,C807,South ,Home,Blender,1,131,131,5%,124,Cash
1807,11/6/2025,November,C808,North,Electronics,Tablet,1,1129,1129,0%,1129,Cash
1808,4/7/2025,April,C809,East,Electronics,Headphones,4,111,444,0%,444,Card
1809,11/6/2025,November,C810,East,Home,Oven,1,664,664,5%,631,Transfer
1811,11/6/2025,November,C812,South ,Furniture,Chair,5,1359,6795,20%,5436,Transfer
1812,11/8/2025,November,C813,East,Furniture,Sofa,4,902,3608,0%,3608,Transfer
1814,11/8/2025,November,C815,South,Electronics,Tablet,4,764,3056,0%,3056,Cash
1815,5/13/2025,May,C816,South ,Electronics,Laptop,4,1019,4076,10%,3668,Cash
1816,7/29/2025,July,C817,North,Furniture,Sofa,2,190,380,10%,342,Transfer
1817,1/22/2025,January,C818,South ,Electronics,Phone,1,235,235,15%,200,Card
1819,4/13/2025,April,C820,South,Electronics,Laptop,2,950,1900,5%,1805,Cash
1820,3/16/2025,March,C821,North,Electronics,Phone,2,900,1800,5%,1710,Card
1822,4/20/2025,April,C823,West,Electronics,Tablet,1,426,426,15%,362,Transfer
1823,12/19/2025,December,C824,West,Home,Oven,4,426,1704,20%,1363,Card
1824,6/15/2025,June,C825,North,Home,Microwave,1,1042,1042,0%,1042,Cash
1826,10/7/2025,October,C827,South,Electronics,Phone,2,765,1530,10%,1377,Transfer
1827,3/5/2025,March,C828,East,Home,Oven,3,1091,3273,5%,3109,Cash
1828,8/8/2025,August,C829,West,Home,Blender,5,600,3000,0%,3000,Card
1829,8/8/2025,August,C830,West,Home,Microwave,5,1297,6485,15%,5512,Transfer
1830,10/25/2025,October,C831,South,Home,Oven,3,254,762,0%,762,Cash
1831,8/26/2025,August,C832,North,Furniture,Chair,4,600,2400,10%,2160,Cash
1832,11/12/2025,November,C833,North,Electronics,Phone,1,786,786,0%,786,Transfer
1833,6/12/2025,June,C834,North,Furniture,Chair,4,1339,5356,20%,4285,Cash
1834,3/7/2025,March,C835,East,Electronics,Tablet,3,493,1479,20%,1183,Card
1835,11/20/2025,November,C836,North,Furniture,Sofa,1,210,210,0%,210,Transfer
1836,11/20/2025,November,C837,North,Electronics,Phone,5,287,1435,10%,1292,Card
1837,5/3/2025,May,C838,South ,Furniture,Table,5,125,625,0%,625,Card
1838,11/23/2025,November,C839,North,Electronics,Tablet,2,389,778,10%,700,Card
1839,11/23/2025,November,C840,North,Electronics,Laptop,1,1427,1427,0%,1427,Cash
1841,11/4/2025,November,C842,South,Electronics,Phone,4,67,268,5%,255,Cash
1842,2/28/2025,February,C843,South ,Electronics,Tablet,2,1006,2012,0%,2012,Transfer
1843,2/28/2025,February,C844,West,Home,Blender,1,532,532,0%,532,Cash
1844,2/28/2025,February,C845,South,Home,Microwave,3,933,2799,10%,2519,Transfer
1845,2/25/2025,February,C846,South ,Home,Microwave,1,89,89,15%,76,Cash
1846,11/6/2025,November,C847,West,Electronics,Laptop,1,680,680,5%,646,Card
1847,4/21/2025,April,C848,North,Electronics,Phone,5,693,3465,10%,3119,Card
1848,4/21/2025,April,C849,North,Electronics,Laptop,4,589,2356,0%,2356,Card
1851,4/21/2025,April,C852,North,Electronics,Phone,2,1340,2680,15%,2278,Card
1852,8/1/2025,August,C853,North,Furniture,Sofa,3,1274,3822,10%,3440,Transfer
1853,8/21/2025,August,C854,North,Electronics,Phone,1,117,117,10%,105,Transfer
1854,12/8/2025,December,C855,North,Electronics,Phone,2,108,216,0%,216,Cash
1856,11/23/2025,November,C857,West,Furniture,Table,2,1008,2016,10%,1814,Transfer
1857,2/12/2025,February,C858,South ,Electronics,Laptop,3,143,429,15%,365,Cash
1858,4/7/2025,April,C859,North,Electronics,Tablet,5,949,4745,0%,4745,Card
1860,4/7/2025,April,C861,South,Home,Microwave,1,566,566,0%,566,Transfer
1861,8/20/2025,August,C862,West,Electronics,Tablet,3,1048,3144,15%,2672,Cash
1862,9/7/2025,September,C863,South,Furniture,Chair,3,381,1143,15%,972,Transfer
1864,9/7/2025,September,C865,West,Electronics,Laptop,1,1436,1436,5%,1364,Cash
1865,9/7/2025,September,C866,North,Home,Oven,5,1294,6470,0%,6470,Card
1866,3/29/2025,March,C867,South,Home,Microwave,3,704,2112,10%,1901,Card
1867,3/29/2025,March,C868,North,Home,Microwave,1,987,987,20%,790,Transfer
1868,5/29/2025,May,C869,North,Electronics,Tablet,5,707,3535,20%,2828,Cash
1869,12/6/2025,December,C870,East,Furniture,Sofa,4,1379,5516,20%,4413,Cash
1870,12/6/2025,December,C871,South,Furniture,Chair,5,310,1550,20%,1240,Transfer
1871,12/23/2025,December,C872,West,Electronics,Tablet,5,1410,7050,20%,5640,Card
1873,8/10/2025,August,C874,East,Electronics,Phone,3,1423,4269,20%,3415,Cash
1875,6/6/2025,June,C876,North,Electronics,Tablet,2,600,1200,20%,960,Card
1876,2/14/2025,February,C877,North,Electronics,Tablet,1,85,85,0%,85,Transfer
1877,7/17/2025,July,C878,East,Furniture,Table,1,1174,1174,20%,939,Card
1878,12/16/2025,December,C879,East,Electronics,Laptop,2,1180,2360,5%,2242,Cash
1879,12/8/2025,December,C880,North,Home,Microwave,2,895,1790,15%,1522,Card
1880,12/8/2025,December,C881,South,Furniture,Table,1,1208,1208,20%,966,Transfer
1881,12/8/2025,December,C882,West,Home,Microwave,4,962,3848,10%,3463,Transfer
1883,4/15/2025,April,C884,South,Electronics,Tablet,5,656,3280,15%,2788,Transfer
1885,4/15/2025,April,C886,West,Furniture,Chair,4,553,2212,0%,2212,Transfer
1886,3/5/2025,March,C887,South,Home,Oven,1,995,995,0%,995,Transfer
1887,9/10/2025,September,C888,West,Home,Blender,1,77,77,15%,65,Card
1888,10/25/2025,October,C889,North,Electronics,Tablet,3,1500,4500,5%,4275,Cash
1889,9/14/2025,September,C890,West,Electronics,Laptop,1,1363,1363,20%,1090,Cash
1890,8/24/2025,August,C891,West,Home,Microwave,3,986,2958,0%,2958,Transfer
1891,12/4/2025,December,C892,East,Electronics,Headphones,3,158,474,0%,474,Card
1893,2/1/2025,February,C894,West,Electronics,Headphones,5,80,400,0%,400,Cash
1894,2/1/2025,February,C895,South,Electronics,Tablet,3,916,2748,0%,2748,Card
1896,10/7/2025,October,C897,West,Furniture,Chair,4,990,3960,20%,3168,Card
1897,2/4/2025,February,C898,North,Home,Oven,2,226,452,20%,362,Transfer
1899,9/23/2025,September,C900,North,Electronics,Headphones,3,558,1674,15%,1423,Cash
1900,4/13/2025,April,C901,South ,Electronics,Phone,1,1030,1030,20%,824,Transfer
1901,1/19/2025,January,C902,North,Furniture,Table,2,105,210,5%,200,Transfer
1902,6/29/2025,June,C903,North,Electronics,Phone,1,1114,1114,0%,1114,Transfer
1903,1/10/2025,January,C904,West,Home,Oven,1,256,256,10%,230,Cash
1904,4/10/2025,April,C905,North,Furniture,Chair,3,1118,3354,0%,3354,Transfer
1905,5/8/2025,May,C906,East,Furniture,Sofa,2,1253,2506,10%,2255,Card
1906,11/7/2025,November,C907,East,Furniture,Chair,3,1464,4392,5%,4172,Cash
1907,6/4/2025,June,C908,North,Furniture,Sofa,5,1128,5640,15%,4794,Transfer
1908,11/15/2025,November,C909,South,Home,Oven,1,271,271,5%,257,Card
1909,5/1/2025,May,C910,North,Electronics,Phone,2,589,1178,0%,1178,Card
1911,1/27/2025,January,C912,North,Electronics,Tablet,4,463,1852,20%,1482,Cash
1912,8/7/2025,August,C913,North,Furniture,Table,4,969,3876,20%,3101,Cash
1913,3/25/2025,March,C914,South,Electronics,Tablet,5,581,2905,20%,2324,Cash
1915,8/16/2025,August,C916,West,Furniture,Chair,3,139,417,20%,334,Transfer
1916,6/10/2025,June,C917,East,Furniture,Table,1,1310,1310,0%,1310,Card
1917,6/10/2025,June,C918,South ,Home,Microwave,4,669,2676,0%,2676,Card
1918,2/1/2025,February,C919,South ,Home,Oven,5,111,555,0%,555,Transfer
1919,2/1/2025,February,C920,East,Furniture,Sofa,5,871,4355,10%,3920,Card
1920,1/13/2025,January,C921,South ,Home,Microwave,2,1293,2586,10%,2327,Card
1921,5/29/2025,May,C922,North,Furniture,Sofa,4,1485,5940,20%,4752,Transfer
1922,6/26/2025,June,C923,West,Electronics,Laptop,1,1177,1177,20%,942,Transfer
1923,8/3/2025,August,C924,North,Home,Oven,4,923,3692,20%,2954,Cash
1924,5/5/2025,May,C925,West,Electronics,Laptop,5,513,2565,15%,2180,Cash
1925,2/10/2025,February,C926,North,Home,Microwave,3,490,1470,5%,1397,Transfer
1926,5/6/2025,May,C927,North,Electronics,Tablet,2,662,1324,20%,1059,Card
1929,1/7/2025,January,C930,South ,Electronics,Laptop,2,709,1418,0%,1418,Card
1930,2/7/2025,February,C931,South ,Home,Blender,2,997,1994,0%,1994,Transfer
1931,2/7/2025,February,C932,South ,Home,Blender,2,918,1836,10%,1652,Card
1932,2/7/2025,February,C933,North,Electronics,Headphones,4,893,3572,5%,3393,Card
1933,1/22/2025,January,C934,West,Furniture,Table,4,1280,5120,5%,4864,Card
1935,9/18/2025,September,C936,North,Electronics,Phone,3,72,216,20%,173,Cash
1936,8/16/2025,August,C937,South ,Home,Microwave,3,1030,3090,10%,2781,Transfer
1937,9/12/2025,September,C938,South ,Electronics,Laptop,2,340,680,0%,680,Transfer
1938,9/20/2025,September,C939,West,Home,Oven,2,409,818,0%,818,Card
1939,11/21/2025,November,C940,South ,Electronics,Tablet,3,330,990,15%,842,Cash
1940,9/3/2025,September,C941,South ,Electronics,Phone,3,157,471,0%,471,Card
1941,1/20/2025,January,C942,South,Home,Microwave,4,1365,5460,5%,5187,Cash
1943,8/17/2025,August,C944,East,Furniture,Sofa,5,835,4175,15%,3549,Cash
1944,11/4/2025,November,C945,South,Electronics,Phone,4,681,2724,15%,2315,Cash
1945,8/6/2025,August,C946,East,Electronics,Tablet,3,859,2577,20%,2062,Card
1947,12/27/2025,December,C948,South ,Home,Oven,1,761,761,20%,609,Cash
1948,12/27/2025,December,C949,East,Furniture,Chair,4,529,2116,0%,2116,Transfer
1949,2/22/2025,February,C950,East,Electronics,Phone,1,1313,1313,10%,1182,Transfer
1950,3/5/2025,March,C951,North,Electronics,Laptop,4,1498,5992,0%,5992,Card
1951,10/5/2025,October,C952,South,Furniture,Table,2,890,1780,10%,1602,Cash
1952,10/5/2025,October,C953,West,Furniture,Table,3,210,630,10%,567,Cash
1953,5/26/2025,May,C954,West,Furniture,Sofa,4,1483,5932,0%,5932,Cash
1956,1/19/2025,January,C957,East,Home,Oven,3,1137,3411,5%,3240,Cash
1957,8/25/2025,August,C958,North,Electronics,Laptop,3,280,840,0%,840,Card
1958,8/25/2025,August,C959,North,Home,Microwave,1,1302,1302,0%,1302,Transfer
1959,8/3/2025,August,C960,South ,Home,Oven,2,1279,2558,5%,2430,Card
1960,5/29/2025,May,C961,North,Furniture,Table,3,967,2901,0%,2901,Transfer
1961,11/3/2025,November,C962,North,Home,Blender,1,327,327,0%,327,Cash
1963,10/14/2025,October,C964,South,Electronics,Tablet,3,1216,3648,15%,3101,Cash
1964,10/15/2025,October,C965,North,Electronics,Tablet,1,558,558,20%,446,Transfer
1965,11/27/2025,November,C966,South ,Home,Microwave,1,364,364,5%,346,Card
1967,6/17/2025,June,C968,West,Home,Microwave,2,658,1316,0%,1316,Transfer
1968,4/20/2025,April,C969,West,Home,Microwave,3,1443,4329,20%,3463,Cash
1969,11/30/2025,November,C970,South ,Home,Blender,1,1283,1283,5%,1219,Cash
1970,11/7/2025,November,C971,South,Furniture,Sofa,4,419,1676,10%,1508,Cash
1971,2/18/2025,February,C972,North,Electronics,Phone,5,583,2915,0%,2915,Transfer
1972,10/5/2025,October,C973,North,Electronics,Headphones,5,950,4750,0%,4750,Transfer
1973,10/5/2025,October,C974,South ,Electronics,Tablet,1,189,189,0%,189,Cash
1974,11/23/2025,November,C975,South,Electronics,Phone,2,1396,2792,0%,2792,Card
1975,10/28/2025,October,C976,South ,Home,Blender,5,1391,6955,20%,5564,Card
1976,10/28/2025,October,C977,North,Home,Oven,3,374,1122,0%,1122,Cash
1979,3/9/2025,March,C980,South,Furniture,Sofa,3,482,1446,5%,1374,Card
1980,1/6/2025,January,C981,West,Electronics,Headphones,2,734,1468,0%,1468,Transfer
1981,1/6/2025,January,C982,South,Electronics,Headphones,1,1458,1458,0%,1458,Cash
1982,4/17/2025,April,C983,North,Furniture,Chair,2,466,932,0%,932,Transfer
1983,12/4/2025,December,C984,East,Home,Blender,5,1225,6125,0%,6125,Transfer
1984,7/3/2025,July,C985,East,Electronics,Tablet,2,647,1294,0%,1294,Cash
1985,11/12/2025,November,C986,West,Electronics,Tablet,5,784,3920,15%,3332,Cash
1986,1/21/2025,January,C987,North,Home,Blender,2,1202,2404,20%,1923,Card
1987,6/3/2025,June,C988,North,Electronics,Tablet,5,702,3510,0%,3510,Cash
1988,3/14/2025,March,C989,South ,Furniture,Chair,1,637,637,5%,605,Cash
1989,2/16/2025,February,C990,North,Furniture,Table,2,224,448,0%,448,Card
1990,8/30/2025,August,C991,West,Furniture,Sofa,1,838,838,0%,838,Transfer
1991,8/6/2025,August,C992,South,Electronics,Tablet,1,775,775,0%,775,Transfer
1992,11/3/2025,November,C993,West,Electronics,Phone,1,638,638,0%,638,Card
1993,6/8/2025,June,C994,North,Home,Blender,1,354,354,0%,354,Cash
1994,2/12/2025,February,C995,North,Furniture,Sofa,1,1196,1196,0%,1196,Cash
1995,12/1/2025,December,C996,West,Electronics,Laptop,4,942,3768,0%,3768,Cash
1996,10/1/2025,October,C997,North,Electronics,Laptop,1,34,34,20%,27,Cash
1998,12/18/2025,December,C999,North,Electronics,Tablet,2,750,1500,10%,1350,Transfer
1999,1/19/2025,January,C1000,South ,Furniture,Chair,1,192,192,5%,182,Transfer
2000,9/10/2025,September,C1001,South ,Electronics,Headphones,3,103,309,5%,294,Transfer
2001,11/23/2025,November,C1002,East,Home,Blender,3,65,195,0%,195,Transfer
2002,2/10/2025,February,C1003,North,Electronics,Tablet,4,1072,4288,0%,4288,Card
2003,7/11/2025,July,C1004,South ,Electronics,Tablet,4,1395,5580,15%,4743,Card
2004,7/11/2025,July,C1005,South,Home,Blender,5,285,1425,0%,1425,Cash
2005,7/11/2025,July,C1006,East,Electronics,Laptop,4,609,2436,15%,2071,Transfer
2006,8/4/2025,August,C1007,North,Furniture,Sofa,2,729,1458,0%,1458,Cash
2007,4/18/2025,April,C1008,North,Electronics,Laptop,5,1016,5080,5%,4826,Transfer
2008,9/29/2025,September,C1009,North,Electronics,Headphones,4,361,1444,15%,1227,Card
2010,9/29/2025,September,C1011,North,Furniture,Sofa,1,876,876,10%,788,Transfer
2011,2/24/2025,February,C1012,North,Home,Oven,3,481,1443,15%,1227,Cash
2012,2/24/2025,February,C1013,East,Home,Oven,2,970,1940,0%,1940,Cash
2013,10/25/2025,October,C1014,North,Electronics,Tablet,4,1289,5156,20%,4125,Transfer
2014,7/29/2025,July,C1015,South ,Electronics,Laptop,2,66,132,0%,132,Cash
2015,10/10/2025,October,C1016,East,Electronics,Tablet,3,1479,4437,10%,3993,Card
2016,10/10/2025,October,C1017,South ,Home,Microwave,1,382,382,0%,382,Transfer
2017,6/19/2025,June,C1018,North,Home,Blender,4,982,3928,15%,3339,Cash
2018,3/10/2025,March,C1019,South ,Home,Microwave,3,142,426,0%,426,Card
2019,7/6/2025,July,C1020,West,Electronics,Laptop,1,557,557,0%,557,Transfer
2021,5/6/2025,May,C1022,West,Electronics,Headphones,2,1237,2474,5%,2350,Card
2022,5/6/2025,May,C1023,North,Electronics,Tablet,2,1486,2972,15%,2526,Transfer
2023,8/14/2025,August,C1024,South,Furniture,Table,3,546,1638,5%,1556,Transfer
2024,5/6/2025,May,C1025,East,Home,Oven,3,996,2988,10%,2689,Transfer
2025,3/21/2025,March,C1026,West,Home,Oven,3,379,1137,0%,1137,Card
2026,3/21/2025,March,C1027,East,Electronics,Laptop,5,423,2115,0%,2115,Card
2027,9/26/2025,September,C1028,West,Furniture,Sofa,4,157,628,0%,628,Transfer
2028,2/10/2025,February,C1029,South,Electronics,Tablet,5,1352,6760,0%,6760,Cash
2029,1/4/2025,January,C1030,East,Furniture,Chair,5,150,750,10%,675,Card
2030,1/4/2025,January,C1031,West,Electronics,Laptop,4,124,496,5%,471,Cash
2031,3/1/2025,March,C1032,North,Furniture,Table,4,39,156,0%,156,Transfer
2032,8/15/2025,August,C1033,North,Home,Blender,4,574,2296,20%,1837,Cash
2033,8/15/2025,August,C1034,North,Furniture,Sofa,2,1408,2816,15%,2394,Card
2035,11/23/2025,November,C1036,South,Electronics,Tablet,4,645,2580,0%,2580,Transfer
2036,6/3/2025,June,C1037,South,Home,Blender,1,343,343,20%,274,Cash
2037,12/1/2025,December,C1038,East,Furniture,Table,2,316,632,0%,632,Cash
2038,8/19/2025,August,C1039,West,Home,Blender,2,1342,2684,10%,2416,Card
2039,8/19/2025,August,C1040,East,Electronics,Phone,2,895,1790,20%,1432,Transfer
2040,4/13/2025,April,C1041,North,Furniture,Chair,1,686,686,20%,549,Cash
2041,1/24/2025,January,C1042,South,Electronics,Headphones,4,788,3152,10%,2837,Cash
2042,10/3/2025,October,C1043,South ,Furniture,Sofa,5,867,4335,20%,3468,Cash
2043,10/3/2025,October,C1044,East,Home,Oven,5,553,2765,0%,2765,Card
2044,3/13/2025,March,C1045,East,Furniture,Chair,1,677,677,10%,609,Card
2045,12/13/2025,December,C1046,South,Home,Blender,3,831,2493,20%,1994,Card
2046,9/20/2025,September,C1047,East,Home,Microwave,2,1197,2394,0%,2394,Transfer
2047,2/17/2025,February,C1048,North,Home,Microwave,4,1351,5404,0%,5404,Cash
2048,5/22/2025,May,C1049,South ,Electronics,Laptop,1,1346,1346,0%,1346,Transfer
2049,8/10/2025,August,C1050,North,Furniture,Chair,2,894,1788,20%,1430,Transfer
2050,6/17/2025,June,C1051,East,Electronics,Tablet,1,323,323,0%,323,Transfer
2051,11/5/2025,November,C1052,North,Furniture,Sofa,1,1367,1367,15%,1162,Cash
2053,1/26/2025,January,C1054,North,Electronics,Laptop,1,1057,1057,0%,1057,Card
2054,1/26/2025,January,C1055,South ,Home,Blender,1,450,450,10%,405,Cash
2056,11/30/2025,November,C1057,West,Electronics,Tablet,5,1345,6725,5%,6389,Card
2058,7/10/2025,July,C1059,North,Electronics,Tablet,2,244,488,5%,464,Cash
2060,1/24/2025,January,C1061,South,Electronics,Phone,2,476,952,0%,952,Cash
2061,8/26/2025,August,C1062,North,Electronics,Tablet,3,981,2943,10%,2649,Transfer
2062,10/4/2025,October,C1063,West,Furniture,Chair,1,469,469,5%,446,Card
2063,4/12/2025,April,C1064,East,Electronics,Laptop,1,483,483,10%,435,Cash
2064,12/30/2025,December,C1065,East,Furniture,Sofa,3,787,2361,0%,2361,Transfer
2065,7/17/2025,July,C1066,South,Furniture,Chair,1,832,832,15%,707,Cash
2066,4/7/2025,April,C1067,South,Electronics,Headphones,2,1137,2274,0%,2274,Transfer
2067,6/22/2025,June,C1068,North,Electronics,Laptop,5,721,3605,10%,3245,Cash
2069,8/20/2025,August,C1070,South,Home,Oven,1,310,310,0%,310,Card
2070,7/1/2025,July,C1071,North,Home,Oven,2,1124,2248,20%,1798,Card
2071,11/7/2025,November,C1072,South ,Home,Oven,4,888,3552,15%,3019,Cash
2073,11/10/2025,November,C1074,South,Furniture,Table,1,821,821,15%,698,Transfer
2076,3/5/2025,March,C1077,East,Home,Blender,2,251,502,5%,477,Transfer
2077,12/21/2025,December,C1078,North,Electronics,Headphones,4,762,3048,15%,2591,Transfer
2078,8/10/2025,August,C1079,South ,Electronics,Tablet,5,1060,5300,10%,4770,Cash
2079,12/2/2025,December,C1080,South,Home,Microwave,1,1230,1230,0%,1230,Cash
2080,10/15/2025,October,C1081,North,Electronics,Laptop,4,1336,5344,0%,5344,Card
2081,7/4/2025,July,C1082,South ,Furniture,Sofa,5,921,4605,20%,3684,Card
2083,8/22/2025,August,C1084,East,Electronics,Tablet,3,117,351,0%,351,Cash
2084,8/22/2025,August,C1085,South ,Home,Blender,2,372,744,10%,670,Cash
2085,11/12/2025,November,C1086,East,Electronics,Laptop,5,851,4255,5%,4042,Cash
2086,11/12/2025,November,C1087,East,Furniture,Sofa,1,365,365,20%,292,Cash
2087,9/17/2025,September,C1088,South,Electronics,Headphones,5,175,875,20%,700,Transfer
2089,8/15/2025,August,C1090,North,Furniture,Chair,5,468,2340,0%,2340,Card
2090,8/15/2025,August,C1091,North,Home,Microwave,3,1159,3477,15%,2955,Card
2091,9/23/2025,September,C1092,South ,Furniture,Sofa,2,903,1806,5%,1716,Cash
2093,4/27/2025,April,C1094,South,Furniture,Table,4,128,512,20%,410,Cash
2094,2/3/2025,February,C1095,South ,Furniture,Sofa,3,1466,4398,0%,4398,Transfer
2095,5/22/2025,May,C1096,West,Home,Blender,1,1375,1375,0%,1375,Cash
2096,5/22/2025,May,C1097,West,Home,Oven,5,1221,6105,20%,4884,Card
2097,12/31/2025,December,C1098,North,Home,Oven,3,350,1050,20%,840,Card
2098,3/4/2025,March,C1099,East,Electronics,Laptop,3,1195,3585,15%,3047,Cash
2099,12/23/2025,December,C1100,East,Home,Blender,2,1043,2086,5%,1982,Card
2100,6/29/2025,June,C1101,North,Electronics,Phone,4,144,576,10%,518,Card
2101,6/29/2025,June,C1102,North,Home,Blender,2,76,152,10%,137,Card
2104,6/29/2025,June,C1105,South,Home,Microwave,1,1255,1255,10%,1130,Cash
2105,12/4/2025,December,C1106,South ,Electronics,Laptop,2,524,1048,15%,891,Card
2106,12/4/2025,December,C1107,South ,Electronics,Laptop,4,206,824,20%,659,Transfer
2107,10/22/2025,October,C1108,East,Electronics,Tablet,3,425,1275,15%,1084,Cash
2108,10/22/2025,October,C1109,North,Home,Oven,3,1268,3804,10%,3424,Transfer
2109,10/22/2025,October,C1110,North,Electronics,Headphones,5,1189,5945,0%,5945,Card
2111,9/18/2025,September,C1112,West,Furniture,Chair,5,675,3375,5%,3206,Transfer
2112,11/24/2025,November,C1113,East,Furniture,Chair,5,697,3485,5%,3311,Cash
2113,11/24/2025,November,C1114,North,Home,Blender,5,1188,5940,10%,5346,Card
2114,12/1/2025,December,C1115,West,Furniture,Table,1,1019,1019,0%,1019,Cash
2115,1/22/2025,January,C1116,North,Electronics,Laptop,1,1020,1020,5%,969,Transfer
2116,5/12/2025,May,C1117,North,Electronics,Tablet,4,555,2220,5%,2109,Card
2118,2/12/2025,February,C1119,West,Home,Microwave,4,104,416,5%,395,Card
2119,12/6/2025,December,C1120,South,Electronics,Tablet,1,737,737,0%,737,Cash
2120,12/6/2025,December,C1121,South,Furniture,Chair,2,1367,2734,15%,2324,Card
2121,5/6/2025,May,C1122,East,Electronics,Laptop,5,153,765,20%,612,Transfer
2122,3/28/2025,March,C1123,North,Electronics,Phone,3,27,81,20%,65,Card
2123,4/25/2025,April,C1124,South ,Electronics,Headphones,5,810,4050,15%,3443,Transfer
2124,5/2/2025,May,C1125,West,Home,Microwave,4,757,3028,0%,3028,Card
2126,3/6/2025,March,C1127,West,Home,Microwave,3,815,2445,0%,2445,Cash
2127,3/10/2025,March,C1128,North,Electronics,Headphones,2,968,1936,15%,1646,Cash
2128,11/26/2025,November,C1129,South ,Furniture,Table,4,864,3456,20%,2765,Card
2129,12/4/2025,December,C1130,North,Home,Blender,4,1386,5544,0%,5544,Transfer
2130,3/21/2025,March,C1131,West,Home,Microwave,1,287,287,20%,230,Transfer
2132,3/19/2025,March,C1133,North,Home,Microwave,2,1460,2920,20%,2336,Card
2133,3/19/2025,March,C1134,South,Home,Oven,5,981,4905,5%,4660,Card
2134,12/6/2025,December,C1135,South,Home,Microwave,3,996,2988,0%,2988,Cash
2135,8/14/2025,August,C1136,South ,Furniture,Sofa,2,194,388,5%,369,Transfer
2136,6/3/2025,June,C1137,South ,Electronics,Tablet,5,190,950,15%,808,Card
2137,11/15/2025,November,C1138,South,Furniture,Table,4,68,272,0%,272,Transfer
2138,5/3/2025,May,C1139,North,Home,Microwave,5,184,920,20%,736,Card
2139,5/3/2025,May,C1140,West,Electronics,Phone,5,1396,6980,10%,6282,Transfer
2140,8/6/2025,August,C1141,North,Home,Microwave,2,566,1132,0%,1132,Card
2142,8/2/2025,August,C1143,East,Electronics,Laptop,1,1213,1213,15%,1031,Transfer
2144,8/2/2025,August,C1145,South ,Furniture,Chair,3,424,1272,0%,1272,Card
2146,10/22/2025,October,C1147,South,Furniture,Sofa,1,352,352,10%,317,Transfer
2148,3/2/2025,March,C1149,North,Electronics,Laptop,5,1486,7430,0%,7430,Card
2149,6/13/2025,June,C1150,North,Furniture,Sofa,3,753,2259,15%,1920,Cash
2150,9/8/2025,September,C1151,North,Home,Blender,3,965,2895,15%,2461,Cash
2151,8/26/2025,August,C1152,North,Furniture,Sofa,3,1314,3942,15%,3351,Transfer
2152,8/26/2025,August,C1153,North,Home,Blender,3,326,978,15%,831,Cash
2153,3/23/2025,March,C1154,South,Electronics,Headphones,5,1042,5210,5%,4950,Cash
2154,7/12/2025,July,C1155,East,Electronics,Headphones,2,309,618,5%,587,Cash
2155,9/9/2025,September,C1156,East,Electronics,Headphones,3,1272,3816,10%,3434,Cash
2156,7/11/2025,July,C1157,North,Home,Microwave,2,874,1748,0%,1748,Card
2157,6/10/2025,June,C1158,North,Electronics,Headphones,2,1450,2900,10%,2610,Transfer
2158,10/21/2025,October,C1159,South,Electronics,Headphones,3,59,177,15%,150,Card
2159,11/16/2025,November,C1160,North,Home,Blender,1,585,585,0%,585,Cash
2160,7/5/2025,July,C1161,East,Home,Microwave,4,319,1276,15%,1085,Cash
2161,11/6/2025,November,C1162,North,Electronics,Laptop,2,144,288,20%,230,Cash
2162,5/8/2025,May,C1163,East,Furniture,Chair,1,626,626,0%,626,Transfer
2163,4/8/2025,April,C1164,West,Home,Oven,1,1236,1236,10%,1112,Cash
2164,4/8/2025,April,C1165,South,Electronics,Tablet,2,54,108,20%,86,Cash
2165,8/7/2025,August,C1166,North,Home,Blender,5,683,3415,0%,3415,Transfer
2166,5/25/2025,May,C1167,North,Electronics,Tablet,3,150,450,0%,450,Transfer
2167,3/25/2025,March,C1168,East,Home,Blender,2,162,324,20%,259,Cash
2169,3/25/2025,March,C1170,West,Electronics,Phone,1,496,496,5%,471,Transfer
2171,4/13/2025,April,C1172,East,Electronics,Headphones,2,1062,2124,5%,2018,Card
2172,2/10/2025,February,C1173,East,Furniture,Sofa,4,815,3260,20%,2608,Cash
2174,2/10/2025,February,C1175,North,Furniture,Chair,4,631,2524,20%,2019,Cash
2175,7/4/2025,July,C1176,South,Electronics,Phone,2,45,90,10%,81,Card
2176,9/13/2025,September,C1177,North,Home,Microwave,3,1168,3504,0%,3504,Card
2177,2/9/2025,February,C1178,North,Electronics,Phone,2,931,1862,5%,1769,Card
2178,1/28/2025,January,C1179,North,Home,Blender,5,65,325,0%,325,Cash
2179,1/28/2025,January,C1180,North,Home,Microwave,1,49,49,15%,42,Transfer
2181,8/27/2025,August,C1182,South ,Electronics,Tablet,5,596,2980,10%,2682,Card
2182,10/12/2025,October,C1183,South ,Electronics,Phone,5,110,550,15%,468,Transfer
2183,12/26/2025,December,C1184,East,Electronics,Laptop,4,772,3088,5%,2934,Cash
2184,12/4/2025,December,C1185,South ,Home,Blender,1,1208,1208,10%,1087,Cash
2186,8/27/2025,August,C1187,East,Electronics,Tablet,4,719,2876,5%,2732,Transfer
2187,3/13/2025,March,C1188,North,Electronics,Laptop,4,1134,4536,0%,4536,Transfer
2188,3/1/2025,March,C1189,South ,Furniture,Sofa,3,259,777,10%,699,Transfer
2189,7/22/2025,July,C1190,South ,Electronics,Laptop,1,1331,1331,0%,1331,Card
2190,1/1/2025,January,C1191,South,Electronics,Tablet,1,851,851,0%,851,Card
2191,8/4/2025,August,C1192,North,Electronics,Tablet,5,166,830,0%,830,Cash
2192,7/3/2025,July,C1193,West,Furniture,Chair,2,897,1794,0%,1794,Transfer
2194,2/20/2025,February,C1195,North,Electronics,Phone,3,197,591,0%,591,Card
2195,11/20/2025,November,C1196,North,Electronics,Phone,2,654,1308,15%,1112,Card
2196,11/11/2025,November,C1197,North,Electronics,Laptop,4,391,1564,15%,1329,Transfer
2197,12/1/2025,December,C1198,West,Home,Microwave,2,353,706,20%,565,Cash
2198,7/8/2025,July,C1199,South,Home,Microwave,1,31,31,0%,31,Card
2199,12/7/2025,December,C1200,South ,Home,Microwave,1,1481,1481,0%,1481,Card