Order_ID,Order_Date,Customer_ID,Region,Product_Category,Product_Name,Quantity,Unit_Price,Sales,Discount,Payment_Method
1000,24-11-2025,C126,South,electronics,Laptop,5,1136,5680,0,Card
1001,22-04-2025,C288,South,Furniture,Blender,1,939,939,0,Card
1002,2025/12/24,C173,North,Electronics,Blender,0,755,0,0,Transfer
1003,2025-08-24,C283,East,Furniture,Sofa,4,413,-1652,0.05,Cash
1004,2025-02-10,C233,south,Elec,Tablet,2,747,1494,,Transfer
1005,2025/02/06,C084,West,Home,Table,5,1429,7145,0,Card
1006,2025/01/17,C291,south,Elec,Chair,5,1042,5210,0.15,Card
1007,16-05-2025,C276,East,Furniture,Blender,4,837,3348,0.05,Transfer
1008,10-09-2025,,North,electronics,Tablet,5,884,4420,0.2,Cash
1009,28-09-2025,C006,south,Electronics,Oven,2,1332,2664,0.05,Cash
1010,2025-01-02,C257,South,Furniture,Laptop,5,631,3155,0.05,Card
1011,2025/07/11,C272,North,Furniture,Sofa,3,59,177,0.1,Card
1012,30-01-2025,C041,North,Home,Laptop,4,277,1108,0.2,Card
1013,2025-05-16,C277,south,electronics,Table,3,1395,4185,0.2,Cash
1014,03-03-2025,C011,NORTH,Furniture,Chair,4,471,,,Transfer
1015,31-01-2025,C170,North,Furniture,Chair,2,1390,2780,,Transfer
1016,2025-10-23,C098,North,Electronics,Blender,2,887,1774,0,Transfer
1017,2025/12/01,C174,North,electronics,Chair,1,1118,1118,0.1,Cash
1018,2025/05/08,C282,North,Electronics,Oven,0,211,0,0.05,Cash
1019,2025-09-06,C085,West,Electronics,Blender,2,951,1902,,Transfer
1020,2025/12/05,C030,NORTH,Furniture,Phone,5,662,3310,0.2,Transfer
1021,22-03-2025,C096,North,Furniture,Laptop,5,501,2505,0.2,Card
1022,2025-10-24,C299,NORTH,Furniture,Sofa,2,438,876,0.1,Cash
1023,2025/03/09,C038,North,Home,Headphones,4,224,896,0.1,Card
1024,2025-06-28,C081,West,Furniture,Table,4,1359,5436,0.2,Cash
1025,06-12-2025,C136,North,Electronics,Oven,1,577,577,0.1,Card
1026,2025/12/18,C027,North,Home,Table,0,27,0,0.1,Card
1027,2025/08/15,,North,electronics,Oven,0,776,0,0.05,Card
1028,2025-06-07,C021,East,electronics,Chair,5,230,1150,0.15,Transfer
1029,2025/03/21,C091,West,Electronics,Tablet,5,700,3500,,Transfer
1030,08-05-2025,C056,West,Electronics,Microwave,1,428,428,0.1,Card
1031,25-04-2025,C169,East,Electronics,Table,2,1333,2666,0.2,Cash
1032,15-01-2025,C092,NORTH,Elec,Phone,0,1241,0,0.1,Cash
1033,2025/11/07,C098,East,Electronics,Blender,0,1084,0,,Transfer
1034,10-12-2025,C170,NORTH,Elec,Laptop,5,635,3175,0.1,Cash
1035,23-12-2025,C216,south,Home,Tablet,4,1185,4740,0,Cash
1036,27-05-2025,C165,West,Home,Microwave,5,457,2285,,Card
1037,04-12-2025,C172,North,electronics,Table,1,427,-427,0.15,Transfer
1038,2025-02-07,C197,West,Home,Chair,1,1363,1363,0,Cash
1039,23-04-2025,C266,West,Electronics,Oven,1,268,268,,Transfer
1040,2025-10-14,C259,West,Furniture,Microwave,1,992,992,,Cash
1041,2025/09/24,C147,South,Elec,Sofa,2,1126,2252,0.15,Transfer
1042,2025/03/20,C278,West,Home,Phone,1,880,880,,Card
1043,2025/10/22,C200,West,Furniture,Oven,4,471,1884,0.15,Card
1044,2025-07-19,C085,West,electronics,Headphones,4,75,300,,Card
1045,2025/02/12,C026,East,Home,Sofa,1,951,951,0.15,Cash
1046,04-08-2025,C010,south,Furniture,Phone,2,479,958,,Card
1047,2025/01/16,,South,electronics,Tablet,3,1391,4173,0.15,Transfer
1048,2025/05/12,C059,South,Elec,Laptop,4,72,288,0.15,Cash
1049,12-04-2025,C125,North,Elec,Headphones,0,1179,0,0.15,Transfer
1050,09-07-2025,C007,West,Home,Laptop,3,761,2283,,Card
1051,11-08-2025,C139,NORTH,Furniture,Microwave,3,912,2736,0.1,Card
1052,14-02-2025,C238,NORTH,Furniture,Blender,2,78,156,0.15,Card
1053,2025/07/01,C142,NORTH,Electronics,Oven,1,195,195,0.2,Card
1054,2025-12-20,C009,North,Elec,Chair,3,1436,4308,0.1,Cash
1055,2025/10/11,C170,East,Home,Table,2,534,1068,0.1,Card
1056,2025-10-02,C248,East,Furniture,Oven,4,599,2396,0.1,Card
1057,04-07-2025,,NORTH,electronics,Table,0,131,0,0.05,Transfer
1058,09-09-2025,,East,Home,Microwave,3,717,2151,0.15,Card
1059,2025/02/03,C028,South,electronics,Headphones,2,194,388,0.15,Transfer
1060,2025/11/02,C231,West,Elec,Headphones,3,645,1935,,Card
1061,2025/04/17,C123,South,Furniture,Laptop,1,25,25,0.15,Cash
1062,17-01-2025,C233,North,electronics,Table,5,1227,6135,0.15,Card
1063,06-10-2025,C137,South,Electronics,Phone,1,649,649,0.1,Cash
1064,2025/03/05,C140,NORTH,Furniture,Microwave,3,184,552,,Cash
1065,06-11-2025,C295,NORTH,Electronics,Table,4,102,408,0.2,Transfer
1066,2025/08/15,C252,North,Home,Sofa,3,702,2106,0.05,Cash
1067,2025/07/30,C282,North,Home,Laptop,2,536,1072,0.15,Transfer
1068,2025/01/01,C097,NORTH,Elec,Headphones,3,1300,3900,0.1,Transfer
1069,2025/03/09,C063,North,Furniture,Chair,5,344,-1720,0.15,Card
1070,2025-04-26,C061,south,electronics,Microwave,5,617,3085,0.15,Cash
1071,2025/05/05,C261,south,electronics,Laptop,2,869,1738,0.1,Card
1072,2025-05-25,C251,South,Home,Oven,3,726,2178,0.15,Cash
1073,2025-06-14,C197,South,Home,Phone,2,988,1976,0.15,Transfer
1074,2025/11/30,,NORTH,Furniture,Sofa,0,921,0,0,Transfer
1075,2025-03-15,C241,East,Elec,Headphones,5,834,4170,,Transfer
1076,2025-07-14,C250,NORTH,Electronics,Headphones,0,500,0,0.05,Transfer
1077,2025/02/16,C052,West,electronics,Table,0,114,0,0.1,Cash
1078,09-08-2025,C290,south,electronics,Tablet,1,181,181,,Card
1079,2025/09/12,C131,West,Elec,Phone,3,609,1827,0.15,Cash
1080,28-10-2025,C129,West,Elec,Chair,3,1009,3027,0.1,Transfer
1081,2025/06/01,C203,East,Electronics,Headphones,5,120,600,0.1,Card
1082,2025/11/07,C129,south,electronics,Laptop,5,1343,,0.15,Card
1083,2025/10/24,C168,south,Home,Tablet,1,290,290,0.1,Transfer
1084,2025-09-14,C247,East,Elec,Laptop,3,174,522,,Transfer
1085,2025-12-12,C188,North,Home,Phone,2,1118,2236,,Transfer
1086,2025-05-15,C056,south,electronics,Microwave,0,1288,0,0.2,Card
1087,28-11-2025,C155,south,Home,Laptop,1,112,112,0.15,Card
1088,19-02-2025,C199,West,Elec,Oven,3,1222,3666,0.15,Transfer
1089,2025-02-20,C144,North,Elec,Chair,3,930,2790,0,Transfer
1090,2025-07-08,C204,East,electronics,Laptop,3,207,621,0.2,Card
1091,2025/01/26,C290,South,Electronics,Oven,1,1220,1220,0.1,Card
1092,02-11-2025,C075,South,Furniture,Table,1,245,-245,0,Cash
1093,2025/05/02,C065,south,Home,Oven,0,150,0,0.2,Transfer
1094,2025/02/25,C267,East,Home,Phone,0,1000,0,0,Cash
1095,2025/12/31,C076,North,electronics,Table,4,1316,5264,0.15,Transfer
1096,29-09-2025,C221,North,Electronics,Oven,5,460,2300,0.15,Cash
1097,2025-08-21,C161,south,Elec,Sofa,1,1426,1426,0,Card
1098,10-08-2025,C067,NORTH,Electronics,Headphones,4,1170,4680,0.1,Transfer
1099,2025-08-05,C160,East,Electronics,Headphones,4,455,1820,0,Cash
1100,2025-10-12,C220,NORTH,Furniture,Headphones,5,1336,6680,,Transfer
1101,17-05-2025,C159,East,Elec,Phone,1,313,313,0.05,Transfer
1102,2025/11/21,C193,West,Home,Sofa,1,777,777,0.2,Transfer
1103,2025/02/13,C026,south,Electronics,Table,3,1375,4125,0.15,Cash
1104,2025/04/21,C146,south,Furniture,Microwave,4,1386,5544,0.2,Card
1105,04-01-2025,C071,East,Elec,Sofa,0,35,0,0.05,Cash
1106,2025/09/30,C182,North,Home,Phone,3,58,174,0.1,Transfer
1107,2025-08-08,C059,West,Electronics,Sofa,1,1285,1285,0.1,Card
1108,2025/08/12,C269,North,Home,Table,5,715,3575,0,Transfer
1109,21-11-2025,C179,East,electronics,Chair,0,319,0,0.05,Transfer
1110,08-02-2025,C253,West,Furniture,Headphones,3,1414,4242,,Transfer
1111,2025-06-15,C035,West,Home,Table,2,1231,2462,0.1,Cash
1112,20-08-2025,C147,North,Electronics,Headphones,4,1058,4232,,Card
1113,2025/08/19,C244,NORTH,electronics,Phone,3,231,693,,Card
1114,2025/09/16,C225,NORTH,Furniture,Headphones,1,765,765,0.15,Cash
1115,2025-12-14,C034,East,Electronics,Oven,5,811,4055,,Transfer
1116,2025/03/18,C180,East,Home,Tablet,4,1471,5884,0.15,Transfer
1117,2025-06-18,C270,North,Home,Oven,2,57,114,0.05,Cash
1118,06-09-2025,C080,North,Elec,Laptop,4,1125,4500,0,Transfer
1119,2025-06-22,C079,South,electronics,Headphones,1,1496,1496,,Transfer
1120,2025-05-02,C230,South,Furniture,Chair,2,980,1960,,Transfer
1121,2025/08/14,C271,West,electronics,Chair,4,303,1212,0.15,Cash
1122,2025-10-11,C064,East,Electronics,Tablet,2,940,1880,0.15,Card
1123,2025-04-24,C213,North,Home,Oven,2,502,1004,0.05,Card
1124,2025-06-13,C075,South,Electronics,Table,3,1445,4335,0.15,Cash
1125,12-11-2025,C132,South,electronics,Oven,5,1266,6330,0.1,Card
1126,04-06-2025,C235,North,Electronics,Microwave,4,1117,,0.2,Transfer
1127,2025/05/04,,East,electronics,Headphones,3,403,1209,0.1,Card
1128,2025-09-27,C011,West,Home,Phone,5,812,4060,0,Cash
1129,2025-02-04,C298,south,Elec,Tablet,0,741,0,0.05,Transfer
1130,2025/08/26,C070,North,Home,Phone,2,432,,0.05,Card
1131,2025/06/11,C279,West,Elec,Phone,5,411,2055,0,Transfer
1132,19-06-2025,C224,West,Home,Blender,2,402,804,0.2,Cash
1133,2025/02/12,C093,NORTH,Elec,Sofa,0,183,0,0.15,Transfer
1134,07-08-2025,C229,North,Elec,Headphones,3,582,1746,0,Card
1135,2025/12/10,C082,North,electronics,Headphones,5,917,,0,Card
1136,2025/11/27,C079,south,Home,Sofa,2,929,1858,0.2,Cash
1137,2025/07/23,C014,south,electronics,Microwave,4,812,3248,0.1,Transfer
1138,17-08-2025,C252,South,Electronics,Tablet,0,945,0,0,Transfer
1139,2025-06-13,C149,East,electronics,Tablet,2,1061,2122,0.05,Card
1140,10-09-2025,C189,West,Furniture,Tablet,4,196,784,,Transfer
1141,2025-09-03,C038,South,Elec,Laptop,3,974,2922,0.2,Transfer
1142,28-10-2025,C222,NORTH,Electronics,Laptop,4,333,1332,,Card
1143,2025/06/27,C041,East,electronics,Oven,2,276,552,0,Transfer
1144,25-11-2025,C079,South,Furniture,Headphones,2,1174,,0,Card
1145,2025-01-24,C108,NORTH,Home,Headphones,5,82,410,0.1,Transfer
1146,2025-06-04,C153,West,Electronics,Phone,1,920,920,0.1,Transfer
1147,2025-03-15,C177,West,electronics,Sofa,4,1170,4680,0,Cash
1148,19-08-2025,C149,West,Furniture,Blender,1,347,347,,Cash
1149,2025/04/08,C256,East,Home,Phone,0,825,0,0.05,Transfer
1150,30-06-2025,C241,East,Furniture,Phone,0,902,0,0.1,Cash
1151,07-07-2025,C288,South,Elec,Oven,2,170,340,0.2,Cash
1152,2025/11/16,C202,East,Elec,Oven,2,315,630,0.2,Card
1153,24-01-2025,C243,NORTH,Home,Tablet,4,1075,4300,0.1,Card
1154,2025-07-21,C173,NORTH,Furniture,Oven,3,1471,4413,0,Cash
1155,2025-06-19,C014,NORTH,Home,Table,5,1204,6020,0.2,Cash
1156,2025-03-29,C195,South,electronics,Phone,4,1454,-5816,0.1,Cash
1157,2025/03/19,C242,south,Electronics,Tablet,4,444,1776,0.15,Transfer
1158,2025/07/12,C176,NORTH,Elec,Table,4,1011,4044,0.2,Cash
1159,2025-04-26,C107,south,Home,Sofa,3,734,2202,,Cash
1160,28-05-2025,C195,West,Elec,Tablet,2,106,212,0.1,Cash
1161,02-12-2025,C104,NORTH,Elec,Oven,5,576,2880,0.2,Card
1162,05-05-2025,C116,south,electronics,Phone,0,866,0,,Card
1163,2025-01-03,C244,West,electronics,Table,2,604,1208,0,Transfer
1164,21-10-2025,C020,South,Home,Tablet,0,833,0,,Cash
1165,20-01-2025,C055,East,Elec,Microwave,5,1132,5660,0.05,Transfer
1166,28-08-2025,C170,South,Home,Table,5,401,,0.1,Cash
1167,2025/10/18,C208,West,Furniture,Sofa,0,840,0,0.05,Cash
1168,2025/06/15,C229,East,Elec,Table,4,1500,6000,0.1,Transfer
1169,01-05-2025,C158,South,Home,Oven,5,656,3280,0.1,Cash
1170,11-11-2025,C245,South,Home,Headphones,2,871,1742,0.2,Transfer
1171,2025-04-22,C042,NORTH,Home,Oven,5,760,3800,0,Transfer
1172,16-09-2025,C085,East,Furniture,Microwave,0,1413,0,0,Transfer
1173,2025/08/17,C234,NORTH,Electronics,Oven,3,1397,4191,0.15,Cash
1174,2025/01/02,,East,Electronics,Oven,0,161,0,0.1,Cash
1175,2025-04-03,C216,East,Home,Microwave,3,789,2367,0.2,Card
1176,2025/12/01,C202,NORTH,electronics,Chair,0,66,0,,Transfer
1177,2025-08-06,C178,South,Elec,Chair,5,251,,,Cash
1178,2025-11-11,,South,Electronics,Laptop,4,88,352,0,Card
1179,2025/01/23,C029,South,Furniture,Table,1,1199,1199,,Cash
1180,2025/05/02,C114,West,Elec,Table,0,1160,0,0.05,Transfer
1181,2025/12/14,C196,NORTH,Elec,Blender,3,325,975,0.2,Cash
1182,2025/05/04,C238,North,Furniture,Blender,3,1161,3483,0.1,Card
1183,2025-06-19,C048,NORTH,electronics,Phone,2,792,1584,0,Card
1184,2025/10/28,C171,East,Electronics,Chair,1,260,260,0.05,Transfer
1185,2025/11/06,C165,East,Home,Microwave,4,1348,5392,0.2,Cash
1186,27-08-2025,C241,East,electronics,Sofa,2,867,,0.05,Transfer
1187,16-03-2025,C300,NORTH,Home,Table,1,421,421,0.05,Cash
1188,2025-10-09,C251,south,Home,Microwave,1,741,741,0.15,Card
1189,2025-10-05,C039,south,Electronics,Phone,3,301,903,,Card
1190,05-01-2025,C031,NORTH,Furniture,Microwave,5,1019,,0.2,Transfer
1191,30-07-2025,C141,NORTH,Elec,Phone,4,1449,5796,0.05,Card
1192,2025/02/19,C130,East,Elec,Blender,0,784,0,0.05,Transfer
1193,26-04-2025,C042,south,Electronics,Laptop,3,796,2388,,Card
1194,26-12-2025,C223,south,Elec,Headphones,0,1101,0,,Transfer
1195,01-09-2025,C144,NORTH,Furniture,Phone,1,664,,0.05,Transfer
1196,2025-03-15,C040,East,electronics,Headphones,1,1180,1180,0.2,Cash
1197,2025/07/16,C041,NORTH,Elec,Phone,0,915,0,0.2,Transfer
1198,2025-11-01,,East,Home,Microwave,1,748,748,0.05,Transfer
1199,2025/10/27,C127,south,Electronics,Laptop,2,335,670,0.05,Transfer
1200,2025/07/19,,East,Home,Sofa,2,229,458,0.15,Transfer
1201,2025/10/12,C284,North,Furniture,Headphones,2,808,,0.15,Cash
1202,2025/02/13,C125,NORTH,Furniture,Tablet,5,799,3995,0.1,Cash
1203,16-03-2025,C216,East,Home,Laptop,2,535,1070,0.15,Transfer
1204,12-11-2025,C156,North,Home,Sofa,4,798,3192,0.1,Cash
1205,2025/11/30,C103,West,Elec,Tablet,3,673,2019,0.15,Transfer
1206,2025/05/05,C187,North,Furniture,Chair,4,1137,4548,0,Transfer
1207,2025/08/25,C036,West,Home,Tablet,5,640,3200,,Cash
1208,13-07-2025,C246,NORTH,Home,Oven,4,1436,-5744,0.1,Transfer
1209,2025-10-02,C128,south,Elec,Tablet,5,1274,,,Transfer
1210,2025-11-28,C221,North,Electronics,Laptop,2,474,948,0.2,Transfer
1211,22-10-2025,C238,south,Furniture,Oven,1,726,726,0.1,Cash
1212,13-02-2025,C073,East,Elec,Sofa,3,443,1329,0,Cash
1213,2025/12/23,,south,Electronics,Phone,2,1347,2694,,Card
1214,22-09-2025,C287,West,Home,Chair,3,1309,3927,0.15,Cash
1215,2025-01-15,C220,West,Electronics,Chair,1,590,590,0,Transfer
1216,2025/02/22,C101,West,Electronics,Table,5,1022,5110,0.2,Cash
1217,2025/11/09,C235,NORTH,electronics,Table,4,1228,4912,0,Card
1218,06-06-2025,C073,NORTH,Home,Blender,4,302,1208,0.15,Transfer
1219,2025-10-03,C285,South,Home,Table,1,403,403,0,Cash
1220,2025/01/05,C288,NORTH,Home,Blender,5,1027,5135,0.15,Card
1221,2025-02-12,C017,East,electronics,Oven,2,364,728,0.15,Transfer
1222,19-09-2025,C279,East,Furniture,Phone,5,923,4615,0,Transfer
1223,2025/12/01,C231,East,Elec,Laptop,3,260,780,,Transfer
1224,2025-12-19,C085,NORTH,electronics,Chair,1,141,141,0.2,Transfer
1225,2025-03-28,C137,NORTH,Electronics,Tablet,3,141,423,0.05,Transfer
1226,09-03-2025,C127,south,Home,Microwave,1,1202,1202,0.15,Cash
1227,2025-02-08,C264,south,Elec,Sofa,3,1019,-3057,,Card
1228,2025-08-23,C274,West,electronics,Blender,1,1033,1033,0.1,Transfer
1229,23-10-2025,C176,south,Electronics,Phone,0,1302,0,0,Card
1230,2025-08-14,C068,south,Elec,Tablet,2,211,422,0.1,Transfer
1231,29-11-2025,C157,south,electronics,Blender,5,206,-1030,0.15,Card
1232,2025/03/09,C005,south,Elec,Laptop,3,1441,4323,0.15,Card
1233,22-02-2025,C154,South,Home,Tablet,5,1406,7030,0,Transfer
1234,29-11-2025,C110,south,electronics,Blender,4,1426,5704,0,Card
1235,2025/03/05,C162,South,electronics,Table,5,192,960,,Transfer
1236,2025-05-26,C155,South,Furniture,Headphones,4,406,1624,0,Card
1237,2025/09/11,C037,NORTH,Electronics,Sofa,2,290,580,0.15,Cash
1238,2025-10-07,C038,North,Furniture,Laptop,0,556,0,0.15,Transfer
1239,2025/05/27,C206,North,Furniture,Oven,4,332,1328,0.2,Card
1240,2025/03/21,C034,East,Home,Chair,0,520,0,0.15,Transfer
1241,08-11-2025,C090,North,Electronics,Tablet,5,43,215,0.2,Transfer
1242,13-05-2025,C138,south,Electronics,Phone,2,899,1798,,Transfer
1243,18-11-2025,C185,North,Home,Headphones,1,773,773,0.2,Transfer
1244,01-03-2025,C023,North,electronics,Phone,3,765,2295,0,Transfer
1245,2025/12/02,C164,East,Electronics,Headphones,2,264,528,0.05,Card
1246,2025-09-22,C239,East,Elec,Sofa,0,1152,0,0.1,Transfer
1247,2025/06/05,C253,South,Furniture,Chair,1,33,-33,0.2,Cash
1248,2025-11-22,C001,south,Home,Table,0,440,0,0.15,Card
1249,2025/03/14,C267,West,Elec,Microwave,5,193,965,,Cash
1250,2025/02/08,C067,South,Elec,Table,2,824,1648,0.1,Cash
1251,20-05-2025,C070,NORTH,Electronics,Tablet,0,356,0,0,Transfer
1252,2025/07/03,C136,North,Electronics,Tablet,5,643,3215,0,Card
1253,17-06-2025,C183,West,Furniture,Phone,5,632,3160,0,Cash
1254,2025/08/20,C053,South,Electronics,Phone,0,475,0,0.1,Transfer
1255,2025/11/19,C039,North,Electronics,Chair,5,928,4640,0.1,Card
1256,2025/01/22,C222,south,Home,Microwave,0,803,0,0.05,Card
1257,21-05-2025,C018,NORTH,Furniture,Headphones,1,1345,1345,0.2,Cash
1258,01-02-2025,C215,South,Furniture,Chair,5,1133,5665,,Cash
1259,2025/09/03,C258,East,Home,Table,1,73,73,0.1,Card
1260,2025-08-30,C082,North,electronics,Chair,2,1112,2224,0,Card
1261,2025-10-22,C089,South,electronics,Headphones,2,1448,2896,,Transfer
1262,2025/06/30,C097,West,Furniture,Table,1,1024,,0,Card
1263,05-11-2025,C001,East,Furniture,Chair,1,717,717,0.1,Card
1264,12-01-2025,C073,North,Furniture,Sofa,0,785,0,0.2,Card
1265,2025/06/22,C224,south,Home,Sofa,1,1468,1468,0.2,Cash
1266,2025-04-25,C151,South,electronics,Phone,5,1193,5965,0.2,Card
1267,2025-04-04,C114,south,Furniture,Laptop,3,308,924,0.1,Cash
1268,2025-03-27,C172,West,Electronics,Table,1,531,531,0,Transfer
1269,01-01-2025,C215,South,Home,Microwave,3,739,2217,0.15,Transfer
1270,2025/11/30,C018,East,Electronics,Sofa,2,234,468,0.15,Card
1271,2025-02-08,C248,south,Electronics,Blender,5,357,1785,0,Card
1272,19-06-2025,C284,south,Furniture,Table,5,596,2980,0.15,Transfer
1273,2025/10/09,C219,North,Elec,Headphones,3,428,1284,,Cash
1274,2025/02/11,C242,West,Elec,Laptop,5,1134,5670,0.15,Cash
1275,2025/04/06,C116,East,Furniture,Phone,1,1446,1446,0.1,Transfer
1276,2025/07/31,C199,NORTH,Home,Oven,5,992,4960,0.1,Card
1277,2025-07-22,C265,NORTH,Furniture,Tablet,0,939,0,0.05,Card
1278,06-03-2025,C223,South,electronics,Headphones,2,674,1348,0,Card
1279,2025/07/18,C267,West,Electronics,Headphones,4,1090,4360,0.05,Card
1280,2025-10-18,C055,NORTH,Electronics,Table,4,724,2896,,Cash
1281,2025/10/20,C074,NORTH,Furniture,Blender,0,830,0,0.05,Card
1282,2025-09-01,,East,Elec,Table,3,1445,4335,0.05,Card
1283,2025/06/03,C138,south,Home,Headphones,5,202,1010,0.15,Transfer
1284,2025-09-06,C264,South,Electronics,Table,5,1057,5285,0.2,Transfer
1285,15-01-2025,C103,North,electronics,Phone,3,123,369,0.1,Cash
1286,2025-08-26,C016,South,Elec,Microwave,4,933,3732,0.2,Transfer
1287,2025-06-29,C047,East,Electronics,Blender,0,353,0,0.05,Card
1288,28-11-2025,C210,NORTH,Electronics,Phone,3,290,870,0,Card
1289,2025-05-10,C141,West,Home,Sofa,3,536,1608,0.2,Transfer
1290,2025/07/23,C192,NORTH,Furniture,Headphones,2,631,1262,0.1,Cash
1291,2025/11/24,C153,South,electronics,Oven,1,136,136,0.2,Cash
1292,2025/12/05,,West,Elec,Table,3,848,-2544,,Transfer
1293,2025-04-08,C244,south,Elec,Oven,2,368,736,0.05,Cash
1294,2025-02-19,C287,South,Elec,Laptop,1,747,747,0.15,Cash
1295,10-07-2025,C061,West,Electronics,Headphones,4,1291,5164,0.2,Card
1296,2025/12/15,C078,South,electronics,Sofa,3,1186,3558,0.05,Cash
1297,2025/04/03,C091,East,Electronics,Phone,3,580,1740,0.2,Card
1298,2025-09-08,C223,south,Home,Blender,3,997,-2991,0.05,Transfer
1299,2025-07-11,C272,South,Electronics,Phone,5,529,2645,0.1,Card
1300,2025/02/22,C024,East,Elec,Microwave,5,1085,5425,,Card
1301,2025/06/25,C085,West,Electronics,Chair,1,288,-288,0.2,Card
1302,2025-03-05,,south,Elec,Oven,4,119,-476,0,Transfer
1303,11-01-2025,C228,West,Electronics,Oven,2,991,1982,,Transfer
1304,2025-01-05,C139,NORTH,Furniture,Tablet,3,234,702,0.1,Card
1305,2025-02-24,C268,South,Elec,Blender,2,348,,0.15,Card
1306,2025/12/19,,south,Electronics,Laptop,4,1390,5560,0.2,Card
1307,2025-02-21,C152,East,Home,Phone,0,377,0,0.1,Transfer
1308,2025/06/10,C024,North,electronics,Tablet,2,752,1504,0.1,Transfer
1309,2025/02/17,C205,West,Elec,Blender,5,999,4995,0.05,Card
1310,2025/03/09,C082,North,Home,Headphones,3,1185,3555,0.15,Cash
1311,10-11-2025,C067,West,Home,Laptop,3,922,,0.1,Transfer
1312,10-06-2025,C269,south,Furniture,Headphones,1,1391,1391,,Transfer
1313,13-11-2025,C128,West,Elec,Blender,1,1163,1163,0,Transfer
1314,2025/03/22,C085,North,Home,Sofa,1,697,697,0.05,Transfer
1315,2025-11-26,C228,NORTH,Home,Laptop,3,935,2805,,Transfer
1316,10-01-2025,C286,NORTH,Electronics,Laptop,4,1287,5148,0.2,Card
1317,2025-12-02,C028,South,Home,Sofa,4,1289,5156,0.1,Transfer
1318,20-08-2025,C114,North,Elec,Sofa,5,617,3085,0,Card
1319,2025-03-26,C210,North,Elec,Headphones,1,404,404,0.05,Cash
1320,2025/04/08,C064,West,Home,Headphones,4,295,-1180,,Card
1321,2025-10-11,C261,South,Furniture,Tablet,5,282,1410,0.2,Cash
1322,2025/09/16,C128,East,Home,Sofa,2,947,1894,0.2,Transfer
1323,20-09-2025,C161,south,Furniture,Chair,1,449,449,0.1,Transfer
1324,2025-03-09,C258,NORTH,Elec,Laptop,2,1171,2342,,Transfer
1325,2025-08-02,C217,North,Furniture,Laptop,0,800,0,0.05,Cash
1326,2025-03-24,C032,south,Elec,Chair,4,86,344,0.2,Transfer
1327,2025-10-15,C122,NORTH,Elec,Phone,3,813,2439,,Cash
1328,10-10-2025,C104,NORTH,Home,Chair,5,1463,7315,0.2,Transfer
1329,05-11-2025,C100,East,Home,Tablet,5,172,860,0.2,Card
1330,13-07-2025,C136,South,electronics,Headphones,2,31,62,0.05,Card
1331,2025/03/20,C155,West,Furniture,Oven,2,169,338,0.05,Card
1332,24-09-2025,C213,NORTH,Furniture,Blender,0,735,0,0.1,Cash
1333,04-07-2025,C272,West,Furniture,Phone,0,1389,0,,Transfer
1334,15-11-2025,,East,Home,Laptop,3,545,1635,0.2,Cash
1335,2025/09/21,,south,electronics,Sofa,4,188,752,0.2,Transfer
1336,2025/01/04,C110,south,Home,Laptop,1,1121,1121,,Cash
1337,2025/11/28,C013,West,Elec,Phone,0,170,0,0.2,Card
1338,2025-10-22,C231,south,Home,Blender,2,54,108,0,Transfer
1339,13-11-2025,C024,south,Electronics,Sofa,4,237,948,0.2,Card
1340,2025/05/25,C016,West,electronics,Oven,1,299,299,0.2,Cash
1341,21-11-2025,C192,North,Furniture,Oven,1,272,,0.2,Transfer
1342,2025-07-21,C177,South,Home,Oven,1,349,349,0.1,Card
1343,28-02-2025,C028,NORTH,Home,Oven,0,615,0,0.05,Transfer
1344,2025/10/25,C121,North,Elec,Headphones,0,416,0,0.2,Transfer
1345,2025/06/06,C162,West,electronics,Phone,2,524,1048,,Cash
1346,2025/05/22,C246,West,Home,Sofa,2,1017,2034,0.2,Card
1347,2025/05/24,C135,south,Electronics,Laptop,0,1058,0,0.2,Cash
1348,30-10-2025,,East,Furniture,Oven,3,1359,4077,0.05,Transfer
1349,29-05-2025,C047,West,Elec,Oven,0,1377,0,0.2,Transfer
1350,2025/03/26,C290,NORTH,electronics,Microwave,2,102,204,0,Cash
1351,09-07-2025,C266,East,Home,Microwave,3,115,,,Cash
1352,2025/02/22,C135,NORTH,Furniture,Headphones,1,791,791,,Card
1353,22-09-2025,C115,NORTH,Home,Sofa,2,1017,2034,0,Transfer
1354,2025/03/13,C144,South,electronics,Tablet,1,761,761,,Card
1355,2025-08-01,C246,West,electronics,Headphones,1,1345,-1345,0,Card
1356,2025/10/21,C294,South,Electronics,Tablet,2,388,776,0.2,Transfer
1357,2025-01-10,C044,South,Home,Headphones,3,1006,3018,0.2,Card
1358,2025/10/26,C136,South,Elec,Microwave,4,1229,4916,0.05,Card
1359,09-01-2025,C259,south,Home,Tablet,4,217,868,0.2,Card
1360,2025/09/30,C067,NORTH,Furniture,Phone,5,1349,6745,0,Transfer
1361,2025-09-29,C196,East,Furniture,Headphones,0,891,0,0.05,Card
1362,2025/05/26,C003,south,Electronics,Headphones,4,261,1044,0.05,Transfer
1363,2025/06/11,C300,East,Elec,Oven,3,1176,3528,,Cash
1364,2025-04-15,C190,NORTH,Furniture,Microwave,2,648,1296,0.15,Transfer
1365,2025-03-12,C229,south,electronics,Laptop,1,1061,1061,0.2,Transfer
1366,2025/12/23,C003,North,electronics,Microwave,4,911,3644,0.1,Card
1367,08-11-2025,C206,NORTH,Furniture,Table,5,1243,6215,0.05,Transfer
1368,2025/09/11,C266,East,electronics,Phone,4,1065,4260,0.05,Transfer
1369,2025-01-19,C045,East,Home,Sofa,5,829,4145,0,Transfer
1370,27-12-2025,C146,south,Furniture,Headphones,2,731,1462,0.2,Card
1371,2025/08/21,C209,NORTH,Electronics,Oven,0,1050,0,0.2,Cash
1372,2025/10/03,C194,NORTH,Home,Chair,2,959,1918,0,Cash
1373,01-03-2025,C113,south,electronics,Sofa,3,743,-2229,0.1,Card
1374,28-05-2025,C176,North,Furniture,Tablet,3,662,1986,0.1,Card
1375,2025/12/16,C121,south,electronics,Table,1,489,489,0.2,Cash
1376,2025/03/21,C253,NORTH,Electronics,Oven,0,1007,0,0.2,Cash
1377,09-09-2025,C262,East,Home,Chair,4,282,1128,0.15,Transfer
1378,2025/01/17,C090,West,Electronics,Oven,3,666,-1998,0.05,Cash
1379,25-10-2025,C133,South,Furniture,Table,1,571,571,0.1,Card
1380,2025/09/13,C187,West,Elec,Microwave,1,1190,1190,0.05,Card
1381,2025/05/19,C101,South,electronics,Microwave,0,381,0,,Transfer
1382,2025-10-01,C288,NORTH,Electronics,Blender,0,1434,0,0.1,Cash
1383,19-11-2025,C134,East,Elec,Oven,4,547,2188,0.1,Transfer
1384,07-11-2025,C276,South,Elec,Sofa,2,1398,2796,0.15,Card
1385,2025/07/15,C086,south,Elec,Blender,5,1274,6370,0,Card
1386,2025/03/24,C137,NORTH,Home,Table,3,763,2289,0.15,Cash
1387,27-03-2025,,south,electronics,Table,5,1455,7275,0.15,Card
1388,18-02-2025,C281,North,Electronics,Blender,4,190,760,0,Transfer
1389,2025/07/19,C065,South,Furniture,Tablet,0,91,0,0.1,Cash
1390,2025/08/28,C228,South,Furniture,Tablet,4,1243,4972,0.2,Cash
1391,2025/09/26,C247,NORTH,electronics,Laptop,3,650,1950,0.1,Card
1392,2025-01-01,C147,West,Furniture,Phone,5,1027,5135,0,Cash
1393,2025-05-30,C097,West,Furniture,Blender,3,531,1593,0.15,Cash
1394,23-04-2025,C123,NORTH,Furniture,Table,2,1348,2696,0.15,Card
1395,05-02-2025,C234,NORTH,Home,Table,5,1295,6475,0.05,Card
1396,01-10-2025,C145,East,electronics,Microwave,5,36,180,0.15,Card
1397,2025-06-25,C191,West,Electronics,Sofa,0,319,0,0,Transfer
1398,29-08-2025,C129,West,Electronics,Laptop,5,529,2645,0.05,Transfer
1399,18-01-2025,C049,NORTH,electronics,Microwave,3,1415,4245,0.05,Transfer
1400,2025/01/22,C247,south,Elec,Chair,2,126,252,0,Card
1401,2025/11/21,C300,North,Home,Chair,0,106,0,,Transfer
1402,2025/03/21,C047,south,Furniture,Sofa,5,142,710,,Transfer
1403,24-02-2025,C286,south,Elec,Microwave,5,415,,0.15,Cash
1404,10-03-2025,,south,Home,Oven,2,1131,2262,0.05,Transfer
1405,2025/06/28,C284,South,Electronics,Oven,1,940,940,0.1,Cash
1406,2025/01/01,C010,NORTH,Elec,Headphones,1,676,676,0.2,Cash
1407,2025/04/08,C145,East,Home,Sofa,0,217,0,0.05,Card
1408,17-01-2025,C051,North,Furniture,Blender,5,1023,5115,0.1,Card
1409,07-07-2025,C007,South,Home,Laptop,3,1328,3984,0.15,Cash
1410,29-12-2025,C271,North,Electronics,Table,0,462,0,,Card
1411,2025/09/30,C292,south,electronics,Oven,5,1163,5815,,Transfer
1412,2025-07-03,C054,South,electronics,Oven,3,1053,3159,0.2,Cash
1413,2025/06/30,C191,West,Home,Sofa,4,512,2048,0.2,Transfer
1414,2025/05/11,C001,south,Electronics,Table,4,53,212,0.1,Card
1415,2025/06/03,C142,NORTH,Furniture,Oven,4,1190,-4760,0.1,Card
1416,12-03-2025,C128,South,Elec,Table,0,1188,0,,Card
1417,2025/06/16,C296,North,Furniture,Table,0,1200,0,0.1,Cash
1418,2025-08-11,C117,south,Furniture,Phone,5,1314,6570,0,Cash
1419,2025/10/04,C079,North,Home,Microwave,4,1198,4792,0.1,Cash
1420,17-03-2025,C293,south,Electronics,Oven,3,557,1671,,Card
1421,2025/03/11,C293,South,Furniture,Headphones,5,1093,5465,0.15,Cash
1422,2025/12/17,C217,East,Elec,Chair,2,725,-1450,0.1,Card
1423,2025-06-29,C075,West,Electronics,Chair,1,1423,1423,0,Card
1424,28-01-2025,C076,East,Electronics,Sofa,5,247,1235,0.1,Card
1425,03-10-2025,C133,NORTH,Home,Headphones,5,309,1545,0.15,Transfer
1426,2025/12/06,C103,south,Furniture,Table,0,972,0,0.15,Transfer
1427,2025-05-19,C056,North,Elec,Blender,1,799,799,0.1,Cash
1428,2025/11/02,C235,NORTH,Electronics,Phone,1,1104,1104,,Card
1429,2025/01/10,C121,NORTH,Elec,Phone,5,547,2735,0,Transfer
1430,24-05-2025,C202,south,electronics,Laptop,5,802,4010,,Transfer
1431,2025/04/27,C160,NORTH,Elec,Microwave,4,289,1156,0.2,Transfer
1432,2025/04/14,C269,South,Home,Tablet,5,1176,5880,0.2,Transfer
1433,02-03-2025,C075,south,Electronics,Sofa,3,862,2586,,Transfer
1434,21-05-2025,C068,South,Electronics,Headphones,4,566,2264,0.2,Card
1435,2025/04/29,C245,South,Furniture,Headphones,3,1478,4434,0.15,Cash
1436,31-08-2025,C017,West,Electronics,Table,3,475,1425,0.05,Card
1437,2025-04-01,C251,south,Elec,Microwave,1,895,-895,,Cash
1438,2025-06-10,C275,NORTH,Electronics,Oven,0,944,0,0.05,Transfer
1439,2025-10-03,C265,south,Electronics,Chair,2,920,1840,0.1,Cash
1440,2025-03-27,C265,South,Home,Microwave,0,1499,0,0.2,Transfer
1441,07-10-2025,C231,North,electronics,Microwave,4,1479,5916,0,Cash
1442,2025-06-15,C064,North,Electronics,Microwave,5,763,3815,,Transfer
1443,2025/11/10,C088,East,Furniture,Tablet,1,316,316,0.15,Cash
1444,2025-06-08,C093,North,electronics,Chair,0,1295,0,0.15,Cash
1445,2025-10-06,C112,NORTH,Home,Microwave,3,924,2772,0.05,Transfer
1446,2025/05/23,C026,South,electronics,Phone,5,734,,0,Transfer
1447,2025/10/23,C026,North,Home,Tablet,1,1396,1396,,Transfer
1448,2025/10/21,C297,East,Electronics,Laptop,2,681,1362,0,Cash
1449,09-10-2025,C063,south,Elec,Sofa,4,867,3468,0.2,Card
1450,2025-02-25,C045,West,Furniture,Table,3,1266,3798,0.2,Transfer
1451,2025-07-01,C255,West,electronics,Headphones,1,1471,1471,0,Card
1452,2025/08/27,C213,West,Electronics,Sofa,2,1167,2334,,Card
1453,20-12-2025,C158,East,Furniture,Oven,2,32,64,0.15,Transfer
1454,2025/10/19,C170,East,Home,Microwave,0,1342,0,0.15,Transfer
1455,2025-06-21,C029,NORTH,Elec,Headphones,5,1408,7040,0.05,Transfer
1456,2025-12-17,C034,South,Elec,Phone,2,788,1576,0.2,Transfer
1457,19-07-2025,C158,south,Elec,Phone,2,867,1734,0.1,Cash
1458,04-06-2025,C058,East,Electronics,Chair,0,928,0,0.2,Card
1459,2025/04/08,C159,East,electronics,Laptop,4,1405,5620,0,Cash
1460,2025/07/18,,North,Furniture,Laptop,2,976,1952,,Transfer
1461,09-06-2025,C108,East,electronics,Chair,2,586,1172,,Card
1462,20-05-2025,C008,NORTH,Furniture,Oven,0,443,0,0.1,Card
1463,2025/12/27,C160,NORTH,Elec,Oven,3,123,369,,Card
1464,2025/02/24,C229,NORTH,Elec,Table,2,425,850,0.2,Card
1465,2025/08/27,C240,North,Home,Table,5,1339,6695,0.05,Card
1466,2025-03-15,C201,South,Elec,Sofa,3,1018,,0.15,Card
1467,2025-06-29,C179,NORTH,Furniture,Tablet,4,230,920,0,Cash
1468,2025-10-12,C206,NORTH,Home,Chair,4,519,2076,0.15,Card
1469,24-06-2025,C221,West,Furniture,Sofa,4,1441,5764,0,Transfer
1470,2025/12/31,C238,East,Furniture,Laptop,3,380,1140,0.2,Card
1471,2025-12-17,C254,south,Electronics,Laptop,1,304,304,,Card
1472,2025/03/17,C296,West,electronics,Chair,5,668,3340,,Cash
1473,2025-08-11,C299,North,Furniture,Oven,3,281,843,0.2,Card
1474,2025-01-01,C145,North,electronics,Blender,5,1228,6140,0.15,Cash
1475,2025/07/15,C072,South,Furniture,Blender,2,874,1748,,Card
1476,10-03-2025,C074,south,Home,Blender,1,193,193,0.15,Transfer
1477,2025-11-06,C218,NORTH,Home,Blender,2,482,964,0.2,Cash
1478,2025/05/02,C296,East,Electronics,Phone,4,1009,4036,0.15,Transfer
1479,10-02-2025,C144,West,Furniture,Laptop,4,1269,5076,,Transfer
1480,09-12-2025,C297,East,Furniture,Phone,2,1115,2230,0.2,Cash
1481,2025/10/21,C151,East,electronics,Phone,5,1243,6215,0.2,Cash
1482,2025/02/01,C150,south,Furniture,Phone,2,1012,2024,0.1,Cash
1483,2025/03/09,C058,NORTH,electronics,Headphones,5,329,1645,0.05,Cash
1484,25-12-2025,C271,North,Elec,Laptop,1,1239,1239,0.15,Cash
1485,16-07-2025,C086,South,Furniture,Sofa,0,1335,0,0,Card
1486,2025/08/26,C273,South,Home,Blender,3,557,1671,0,Cash
1487,2025/08/18,C022,North,Furniture,Sofa,3,1270,3810,0.1,Cash
1488,2025/05/17,C237,south,electronics,Headphones,1,1084,1084,0.05,Cash
1489,08-10-2025,,North,Electronics,Blender,0,1095,0,0.05,Transfer
1490,26-05-2025,,NORTH,Electronics,Phone,4,1364,5456,0.2,Transfer
1491,2025/03/04,C067,West,Furniture,Tablet,0,1444,0,,Card
1492,2025-11-24,C166,East,electronics,Laptop,2,147,294,0,Cash
1493,16-05-2025,C103,NORTH,Home,Tablet,5,1027,5135,0.15,Card
1494,2025-11-11,C053,North,Electronics,Laptop,4,533,-2132,0.15,Card
1495,2025-12-01,C137,South,Elec,Blender,4,27,108,0.15,Cash
1496,2025-08-12,C036,NORTH,electronics,Phone,3,1431,4293,0.2,Transfer
1497,2025/07/03,C047,East,Furniture,Sofa,0,961,0,0.05,Card
1498,11-10-2025,C098,East,Home,Laptop,5,1430,7150,,Cash
1499,08-04-2025,C123,West,Home,Laptop,4,1337,5348,0.15,Card
1500,2025/01/19,C208,North,electronics,Oven,3,1408,4224,,Transfer
1501,2025/04/30,C010,West,Furniture,Phone,1,1456,-1456,,Card
1502,2025/06/07,C033,North,Electronics,Microwave,4,1280,5120,0.15,Cash
1503,2025/12/14,C280,South,Elec,Chair,0,1234,0,0.1,Card
1504,01-08-2025,C085,West,electronics,Headphones,0,293,0,0.2,Cash
1505,22-03-2025,C004,North,electronics,Laptop,5,1354,6770,,Cash
1506,21-12-2025,C139,NORTH,Home,Blender,1,377,-377,0.05,Transfer
1507,2025/09/13,C155,East,Home,Phone,4,502,2008,0,Transfer
1508,2025-07-05,C238,south,electronics,Table,0,416,0,0.15,Cash
1509,01-04-2025,C028,south,Elec,Table,1,910,910,0.15,Card
1510,2025-02-23,C015,West,Furniture,Laptop,0,501,0,0.1,Cash
1511,2025-04-12,C057,East,electronics,Laptop,1,864,864,0.05,Card
1512,2025/08/30,C111,NORTH,Home,Tablet,3,784,2352,,Cash
1513,19-05-2025,C292,North,Elec,Tablet,0,973,0,0.1,Card
1514,2025-06-01,C088,NORTH,Furniture,Chair,0,863,0,0.05,Transfer
1515,2025/08/31,C127,South,Elec,Blender,4,475,1900,0.05,Transfer
1516,2025/01/03,C259,North,Home,Oven,3,1001,3003,0,Cash
1517,11-09-2025,C007,south,Home,Chair,1,754,754,0,Card
1518,2025/09/03,C293,south,Furniture,Phone,3,969,2907,0.15,Card
1519,2025-07-09,,south,Electronics,Blender,5,701,3505,0.1,Transfer
1520,2025-11-10,C042,NORTH,Elec,Phone,4,1401,5604,0.15,Cash
1521,2025/08/27,C287,south,Electronics,Oven,5,439,2195,0.2,Card
1522,2025-11-29,C108,south,electronics,Sofa,2,567,1134,0,Card
1523,2025/07/10,C063,West,Furniture,Oven,2,945,1890,,Card
1524,2025/04/07,C092,East,Electronics,Laptop,1,585,585,0.05,Card
1525,2025/09/24,C278,South,Home,Sofa,3,929,-2787,0.05,Card
1526,2025/01/12,C172,West,Furniture,Sofa,5,1343,6715,,Transfer
1527,2025/09/29,C068,East,electronics,Table,1,1011,1011,0,Card
1528,30-06-2025,C083,south,Furniture,Table,1,379,379,,Card
1529,24-03-2025,,East,Furniture,Tablet,3,553,1659,,Card
1530,2025/12/07,C277,South,Furniture,Table,0,71,0,0.05,Cash
1531,13-06-2025,C280,NORTH,Elec,Table,3,613,1839,0.2,Transfer
1532,2025-03-17,C174,south,Electronics,Microwave,0,305,0,0,Cash
1533,2025/11/13,C029,NORTH,electronics,Headphones,4,474,1896,0.05,Card
1534,2025/02/12,C045,NORTH,Home,Chair,3,670,2010,0,Transfer
1535,2025-07-04,C198,East,Electronics,Table,2,739,1478,0.2,Card
1536,2025/04/21,C227,East,electronics,Blender,5,868,4340,0,Card
1537,2025-04-17,C172,North,Furniture,Blender,0,33,0,0.15,Card
1538,2025/10/12,C103,South,Home,Table,4,1024,,0.1,Transfer
1539,2025-06-05,C002,South,Elec,Table,5,1323,6615,0.1,Cash
1540,2025-04-02,C062,East,Home,Laptop,4,760,3040,0.1,Transfer
1541,2025-12-18,C263,south,Furniture,Phone,2,353,706,0.15,Transfer
1542,2025/03/11,C183,North,Elec,Table,4,1328,5312,,Card
1543,2025/02/18,C162,south,Elec,Table,5,1449,7245,0.2,Cash
1544,15-03-2025,C191,West,Home,Sofa,1,229,229,0.05,Transfer
1545,2025-11-11,C283,south,Electronics,Blender,3,176,528,0,Cash
1546,2025/06/28,C268,East,electronics,Table,0,262,0,0.05,Transfer
1547,2025/04/27,C218,south,Electronics,Laptop,0,1011,0,0,Card
1548,2025/12/04,C130,North,Electronics,Table,5,41,205,0.2,Card
1549,2025/10/28,C047,South,Elec,Headphones,2,741,1482,,Transfer
1550,2025/05/04,C008,NORTH,electronics,Chair,2,371,742,,Card
1551,2025-04-20,C095,West,Electronics,Tablet,2,797,1594,0.15,Card
1552,10-06-2025,C070,West,Elec,Table,4,1498,,0.1,Cash
1553,2025/03/01,C228,South,Furniture,Blender,2,896,1792,0.15,Transfer
1554,08-07-2025,C252,south,Electronics,Blender,3,1090,3270,0.05,Cash
1555,2025-07-25,C087,North,Elec,Chair,2,430,860,0,Card
1556,2025/08/06,C298,NORTH,Elec,Blender,2,994,1988,0.15,Transfer
1557,23-05-2025,C063,East,Home,Microwave,1,1306,-1306,,Card
1558,2025/02/04,C168,South,Elec,Headphones,4,217,868,0.2,Cash
1559,27-08-2025,C252,NORTH,Elec,Oven,2,1127,2254,0,Cash
1560,2025/03/02,C236,North,Electronics,Tablet,4,1370,5480,,Card
1561,2025/09/09,C057,NORTH,Home,Oven,5,1124,5620,0.05,Transfer
1562,2025/01/29,C181,East,Elec,Phone,0,1229,,0.1,Cash
1563,26-10-2025,C175,West,Electronics,Blender,2,751,1502,0.05,Card
1564,2025/05/01,C034,East,Electronics,Sofa,1,60,-60,,Cash
1565,2025/10/18,,West,Furniture,Phone,2,793,1586,0,Cash
1566,2025/02/21,C174,South,Furniture,Table,2,912,1824,0,Transfer
1567,20-04-2025,,NORTH,Home,Chair,4,208,832,0.2,Cash
1568,20-05-2025,C244,West,electronics,Sofa,0,1354,0,0.1,Cash
1569,2025/12/06,C264,West,Furniture,Tablet,0,1305,0,0.2,Cash
1570,2025-04-20,C138,south,Furniture,Headphones,3,1179,3537,0.05,Cash
1571,25-08-2025,C154,West,Home,Sofa,0,1318,0,0.1,Transfer
1572,24-03-2025,C208,South,Electronics,Tablet,1,76,76,0.15,Cash
1573,2025/10/14,C104,South,Elec,Tablet,0,549,0,0.2,Card
1574,2025-11-26,C011,North,Electronics,Sofa,4,630,2520,0.15,Cash
1575,2025/12/10,C072,South,Electronics,Headphones,5,1044,5220,0.2,Transfer
1576,2025/05/09,C161,East,Furniture,Blender,5,503,2515,0,Card
1577,2025/04/20,C029,West,Furniture,Sofa,5,251,1255,,Card
1578,2025-05-23,C189,East,Electronics,Headphones,0,1376,0,,Card
1579,2025/05/10,C186,south,Electronics,Oven,1,926,926,0.15,Cash
1580,04-06-2025,C121,East,electronics,Tablet,3,1313,3939,,Cash
1581,18-01-2025,C252,West,Home,Sofa,5,885,4425,0.05,Transfer
1582,2025/05/14,C281,south,Elec,Microwave,5,76,380,0.05,Transfer
1583,2025/08/16,C157,East,Furniture,Laptop,0,343,0,,Card
1584,2025-11-01,C245,south,electronics,Table,1,1427,1427,0.1,Card
1585,2025/02/13,C293,South,Electronics,Phone,4,1345,5380,0,Cash
1586,12-04-2025,C026,West,Furniture,Blender,4,552,2208,0.05,Transfer
1587,02-03-2025,C233,south,Home,Laptop,1,1481,1481,0.1,Cash
1588,2025/09/11,C111,East,electronics,Blender,1,856,-856,0.1,Card
1589,2025/11/13,C235,North,Electronics,Microwave,1,682,682,0.05,Transfer
1590,2025-07-16,C049,NORTH,Electronics,Phone,2,500,1000,0.2,Transfer
1591,2025-11-03,,NORTH,Furniture,Blender,2,828,1656,0.2,Card
1592,25-10-2025,C253,East,Home,Tablet,0,669,0,0.1,Card
1593,10-06-2025,C144,south,Elec,Blender,2,559,1118,0.1,Transfer
1594,2025/06/10,C252,South,Furniture,Microwave,0,406,0,0,Cash
1595,14-05-2025,C060,West,Electronics,Microwave,2,1472,2944,0,Transfer
1596,17-03-2025,C146,South,electronics,Oven,2,1173,2346,0.2,Card
1597,2025/09/27,C127,West,Electronics,Sofa,0,602,0,0.15,Cash
1598,2025/10/30,C015,North,Home,Microwave,3,1306,3918,0,Cash
1599,2025-01-23,C292,South,electronics,Phone,5,599,2995,0,Transfer
1600,2025/11/05,C205,North,Electronics,Chair,1,815,815,,Card
1601,03-03-2025,C159,south,Furniture,Tablet,2,1382,2764,0.05,Cash
1602,2025/08/17,C217,North,Home,Sofa,4,401,1604,0,Transfer
1603,2025-06-24,C080,West,Furniture,Oven,0,615,0,0.15,Cash
1604,2025-03-18,C128,NORTH,Home,Table,4,117,468,0.2,Card
1605,2025/09/19,C292,East,Elec,Table,4,187,-748,,Transfer
1606,25-08-2025,C202,North,Electronics,Blender,5,629,3145,,Cash
1607,2025/11/16,C096,South,electronics,Laptop,5,1257,6285,0.15,Transfer
1608,10-01-2025,C088,south,Home,Microwave,5,849,4245,0.2,Transfer
1609,2025-09-07,C203,East,Electronics,Tablet,1,48,48,,Card
1610,14-01-2025,C124,West,Furniture,Chair,0,636,0,0.15,Card
1611,01-03-2025,C228,West,Home,Phone,3,1218,3654,0.15,Card
1612,20-06-2025,C222,West,Home,Headphones,4,1155,-4620,0.15,Cash
1613,2025-09-20,C250,South,Electronics,Oven,0,884,0,0.1,Transfer
1614,2025/08/02,C178,West,Home,Phone,1,609,609,0.15,Card
1615,17-09-2025,C174,NORTH,Home,Tablet,2,1500,3000,,Transfer
1616,2025-07-04,C107,East,Electronics,Microwave,1,374,374,0,Cash
1617,2025/09/10,,North,Elec,Table,2,1406,2812,0.2,Card
1618,2025/02/02,C288,South,Home,Table,2,747,1494,0.2,Cash
1619,2025-03-19,C054,south,Electronics,Microwave,3,247,741,0.2,Card
1620,15-10-2025,C061,South,Elec,Tablet,5,618,3090,0.15,Transfer
1621,20-02-2025,C071,North,electronics,Microwave,3,33,99,0.1,Cash
1622,16-09-2025,C213,East,electronics,Tablet,4,883,3532,0.15,Cash
1623,2025-07-29,C186,North,Home,Tablet,0,1489,0,0,Cash
1624,2025-06-11,C202,North,electronics,Headphones,0,1313,0,0.2,Cash
1625,2025-08-03,C156,south,Elec,Sofa,0,592,0,0.05,Transfer
1626,2025/07/26,C227,south,Elec,Blender,1,637,637,0.15,Transfer
1627,2025/03/06,C262,NORTH,Elec,Oven,2,1321,-2642,0.2,Transfer
1628,13-05-2025,C217,NORTH,Electronics,Phone,2,551,1102,0,Transfer
1629,2025/03/05,,East,electronics,Headphones,4,1483,5932,0.2,Transfer
1630,2025/04/30,C294,south,electronics,Blender,4,527,2108,0.05,Cash
1631,21-08-2025,C211,North,Electronics,Phone,3,286,858,0.1,Transfer
1632,2025/09/27,C136,NORTH,Home,Blender,3,1431,4293,0.15,Card
1633,2025/03/15,C263,NORTH,Electronics,Chair,3,989,,0.05,Transfer
1634,2025/07/09,C057,North,Elec,Headphones,2,102,204,0.1,Cash
1635,05-06-2025,,South,electronics,Headphones,3,119,357,0.1,Card
1636,2025/04/04,C179,North,Electronics,Blender,3,1193,3579,0.1,Cash
1637,2025-09-01,C071,NORTH,Home,Microwave,5,939,4695,0,Transfer
1638,2025/12/07,C174,NORTH,Electronics,Microwave,5,588,2940,,Card
1639,2025-10-20,C064,south,Furniture,Laptop,1,1287,1287,0.2,Transfer
1640,2025/04/07,,south,Furniture,Tablet,0,583,0,,Transfer
1641,16-08-2025,C165,West,Furniture,Phone,3,67,201,0,Transfer
1642,2025/06/12,C278,South,Elec,Tablet,1,543,543,0.15,Transfer
1643,28-03-2025,C093,North,Electronics,Table,3,222,666,0.1,Cash
1644,2025-07-12,C123,NORTH,Furniture,Chair,3,1061,3183,0,Cash
1645,2025/02/01,C015,West,electronics,Phone,2,1154,2308,0.05,Transfer
1646,2025/11/30,C043,south,Furniture,Chair,1,784,784,0.05,Transfer
1647,2025/08/05,,West,Furniture,Table,5,362,,0.15,Cash
1648,03-11-2025,C180,south,electronics,Headphones,4,596,,,Transfer
1649,16-10-2025,C063,South,Furniture,Table,3,451,1353,0.1,Transfer
1650,2025-06-25,C140,South,Elec,Sofa,1,961,961,,Card
1651,2025-11-27,,North,electronics,Blender,4,1446,5784,0.2,Card
1652,2025/11/29,C228,south,Electronics,Sofa,3,1251,3753,,Card
1653,2025-03-05,C114,south,Electronics,Table,5,1472,7360,0.2,Transfer
1654,2025/06/05,C186,North,Elec,Microwave,5,1467,-7335,,Cash
1655,2025/02/26,C283,South,Furniture,Headphones,4,379,1516,0,Card
1656,2025-05-13,C141,South,Electronics,Oven,4,537,2148,0,Cash
1657,2025-11-25,C166,West,Home,Table,0,1412,0,0.2,Card
1658,25-04-2025,C273,West,Elec,Phone,3,418,1254,0,Transfer
1659,2025/04/26,C128,South,electronics,Sofa,2,148,296,0.15,Cash
1660,2025-01-13,C129,South,Electronics,Microwave,1,717,717,0.2,Card
1661,2025-02-07,C229,NORTH,Electronics,Laptop,0,88,0,,Card
1662,07-03-2025,C029,East,Furniture,Blender,0,228,0,0.1,Cash
1663,25-07-2025,C120,NORTH,Furniture,Phone,3,806,2418,0.2,Transfer
1664,2025-02-21,C233,NORTH,Elec,Headphones,1,241,241,0,Transfer
1665,2025/04/10,C182,West,Home,Headphones,3,400,1200,0,Card
1666,2025/06/09,C184,East,Furniture,Oven,1,321,321,0.1,Cash
1667,2025-01-05,C122,NORTH,Furniture,Phone,3,724,2172,0.05,Card
1668,24-06-2025,C240,NORTH,Elec,Headphones,4,707,2828,0.05,Card
1669,2025-08-21,C002,south,electronics,Chair,3,1297,3891,0.1,Transfer
1670,12-07-2025,C004,East,Electronics,Laptop,2,81,162,0.15,Card
1671,2025-11-20,,North,electronics,Chair,2,376,752,0.05,Cash
1672,11-10-2025,C091,East,Electronics,Phone,5,301,1505,0,Cash
1673,2025/04/18,C088,NORTH,Furniture,Blender,5,153,765,0.05,Card
1674,2025-04-09,C220,south,electronics,Phone,4,1222,4888,0.05,Cash
1675,07-05-2025,C065,NORTH,Furniture,Microwave,1,186,186,0.2,Card
1676,2025-03-27,C261,East,Home,Oven,3,386,1158,,Cash
1677,2025/09/11,C299,south,Electronics,Chair,1,435,435,0.05,Cash
1678,2025/08/06,C192,East,Furniture,Laptop,1,192,192,0.05,Transfer
1679,2025-01-22,C240,West,Home,Sofa,3,669,-2007,0.15,Card
1680,2025/05/16,C257,NORTH,Furniture,Laptop,2,486,972,0,Transfer
1681,2025-04-13,C141,South,Furniture,Tablet,5,1132,-5660,0.1,Cash
1682,2025/06/27,C297,south,Electronics,Microwave,5,1069,5345,0.15,Card
1683,2025/04/27,C283,West,Home,Sofa,0,661,0,,Cash
1684,2025-04-18,,South,Furniture,Tablet,2,39,78,0.1,Cash
1685,2025-04-26,C276,East,Elec,Headphones,0,1182,0,0.05,Cash
1686,2025-10-18,C201,West,electronics,Blender,0,1114,0,0.1,Transfer
1687,2025/08/20,C284,South,Electronics,Headphones,3,74,222,0.15,Cash
1688,16-04-2025,C036,West,Electronics,Sofa,4,42,168,0.15,Cash
1689,2025/03/22,C036,West,electronics,Tablet,1,654,654,0.15,Card
1690,2025/11/06,C235,East,electronics,Phone,1,932,932,0.05,Transfer
1691,2025-06-18,C295,North,Electronics,Table,5,954,4770,0.1,Cash
1692,2025-11-10,C092,NORTH,Home,Microwave,3,1369,4107,0.15,Transfer
1693,23-01-2025,C141,south,Furniture,Table,5,156,780,0.05,Cash
1694,2025/07/30,C040,North,Furniture,Sofa,3,943,2829,0,Cash
1695,14-01-2025,C237,West,Elec,Blender,1,832,,0.1,Card
1696,2025/12/30,C249,West,Electronics,Laptop,4,1365,5460,0.05,Cash
1697,2025/05/23,,North,electronics,Table,0,1114,0,,Card
1698,13-12-2025,C092,South,Electronics,Oven,1,925,925,0.2,Transfer
1699,2025-12-06,C158,West,Electronics,Headphones,0,119,0,0.05,Cash
1700,03-05-2025,,North,Electronics,Sofa,1,1412,1412,0,Transfer
1701,2025/03/27,C168,East,Furniture,Chair,4,444,1776,0.15,Card
1702,29-04-2025,C089,North,Home,Sofa,0,817,0,,Cash
1703,2025/11/29,C211,East,Furniture,Microwave,0,1479,0,0.2,Card
1704,2025/05/09,C199,south,electronics,Sofa,1,1321,1321,,Cash
1705,2025-02-04,C196,NORTH,electronics,Oven,4,1463,5852,0.2,Card
1706,08-06-2025,C125,NORTH,Electronics,Phone,1,787,787,0.15,Card
1707,25-11-2025,C228,south,Elec,Tablet,2,670,1340,0.2,Cash
1708,2025-11-28,C170,East,electronics,Chair,4,130,520,0.05,Transfer
1709,2025-12-23,C165,South,Home,Phone,0,1026,0,,Card
1710,15-04-2025,C282,South,electronics,Oven,0,892,0,,Card
1711,2025-05-06,C296,West,electronics,Table,3,183,549,0.15,Card
1712,2025/08/30,C080,West,Electronics,Blender,3,190,570,0.2,Transfer
1713,2025/03/20,C157,West,Elec,Blender,4,1261,5044,,Cash
1714,11-04-2025,C007,NORTH,Elec,Microwave,3,871,2613,0.1,Cash
1715,2025-09-08,C020,North,Home,Headphones,1,417,417,,Cash
1716,2025-09-18,C030,south,Home,Blender,5,525,-2625,0.1,Transfer
1717,2025-12-28,C134,NORTH,Home,Tablet,2,526,1052,0.05,Card
1718,2025-03-01,C204,south,Furniture,Laptop,4,406,1624,0.15,Cash
1719,2025-12-21,C196,NORTH,Elec,Blender,5,202,1010,0.1,Card
1720,2025-05-18,C158,North,electronics,Microwave,0,218,0,0.2,Cash
1721,02-12-2025,C091,East,electronics,Tablet,1,1016,1016,0.15,Transfer
1722,19-04-2025,C094,South,Elec,Blender,3,1303,3909,,Card
1723,10-02-2025,C142,North,Elec,Phone,4,500,2000,0,Card
1724,01-02-2025,C299,North,Electronics,Chair,4,34,136,0.1,Cash
1725,2025-08-31,C176,East,electronics,Sofa,5,836,4180,0.1,Cash
1726,21-02-2025,C206,south,electronics,Phone,4,271,1084,,Card
1727,2025-07-08,C264,West,electronics,Phone,5,679,,0.1,Card
1728,2025/06/16,C042,East,Home,Microwave,5,1452,7260,0.1,Transfer
1729,2025-04-10,C259,North,electronics,Microwave,0,637,0,0.15,Card
1730,2025/08/17,C125,South,electronics,Laptop,0,910,0,0.1,Cash
1731,24-05-2025,C244,south,Electronics,Tablet,4,1317,5268,,Cash
1732,2025-04-25,C176,West,Home,Oven,3,497,1491,0,Card
1733,2025/02/15,C060,NORTH,Elec,Tablet,2,798,-1596,0,Transfer
1734,02-10-2025,C217,East,Elec,Tablet,4,1379,5516,0.15,Card
1735,2025/10/03,C152,South,Home,Microwave,1,1251,1251,,Card
1736,2025/11/03,C141,south,Furniture,Microwave,5,461,2305,0.15,Card
1737,20-06-2025,C116,south,Electronics,Tablet,3,822,2466,0.05,Card
1738,2025/10/08,C179,West,Home,Laptop,4,599,2396,,Transfer
1739,21-07-2025,C298,North,Elec,Microwave,5,355,1775,0.15,Cash
1740,16-03-2025,C101,south,Electronics,Sofa,5,1198,5990,0.05,Cash
1741,2025/08/07,C183,West,electronics,Phone,0,1075,0,0.05,Transfer
1742,26-07-2025,C204,West,Elec,Headphones,1,1356,1356,,Transfer
1743,2025-02-15,C141,south,Home,Sofa,0,265,0,,Transfer
1744,18-09-2025,C294,West,Elec,Laptop,4,390,1560,,Cash
1745,2025/06/02,C276,South,Home,Phone,3,1158,3474,0.2,Cash
1746,2025/02/02,C064,South,Electronics,Tablet,4,1443,5772,0.1,Card
1747,21-01-2025,C083,North,Furniture,Table,0,193,0,0.1,Transfer
1748,2025-03-29,,East,Electronics,Oven,2,1369,2738,0.15,Transfer
1749,2025-06-10,C276,NORTH,electronics,Laptop,5,111,555,0.1,Card
1750,2025/03/10,C066,south,Furniture,Blender,0,1146,0,0.05,Cash
1751,22-08-2025,C218,south,electronics,Oven,1,164,164,,Transfer
1752,27-11-2025,C262,NORTH,electronics,Blender,1,667,667,0,Transfer
1753,07-05-2025,C057,south,Furniture,Blender,0,694,0,0.1,Cash
1754,2025/03/16,,West,electronics,Blender,0,272,0,0.1,Transfer
1755,08-09-2025,C293,East,Furniture,Table,4,222,888,0.15,Card
1756,2025-06-26,C283,NORTH,Home,Microwave,4,281,1124,,Card
1757,03-12-2025,C137,North,Elec,Chair,5,1266,6330,0.15,Cash
1758,2025/08/28,C118,East,Electronics,Table,3,660,1980,0,Transfer
1759,2025/05/03,C147,NORTH,Home,Phone,3,1406,4218,0.15,Cash
1760,2025-09-21,C064,West,Electronics,Headphones,1,34,34,,Cash
1761,2025-05-06,C271,south,Furniture,Phone,4,938,3752,0.2,Card
1762,31-03-2025,C264,East,Electronics,Blender,3,796,2388,0.1,Transfer
1763,2025-05-08,C149,East,Home,Table,2,456,,,Transfer
1764,21-07-2025,C264,North,Home,Headphones,3,137,411,0.1,Cash
1765,01-07-2025,C096,West,Elec,Phone,0,902,0,0.2,Card
1766,30-07-2025,C080,south,Elec,Chair,3,829,2487,0.05,Transfer
1767,18-05-2025,C225,South,electronics,Sofa,5,908,,,Card
1768,26-02-2025,,West,Home,Sofa,0,348,0,,Cash
1769,2025/03/02,C066,East,Home,Oven,5,816,4080,0,Card
1770,2025/03/21,C027,south,Elec,Blender,4,36,144,0.15,Card
1771,08-08-2025,C262,South,electronics,Table,0,559,0,0.15,Card
1772,2025-08-31,C258,NORTH,electronics,Chair,4,1308,5232,0.05,Cash
1773,20-01-2025,C075,West,Electronics,Headphones,1,206,206,0.2,Cash
1774,2025/12/25,C246,North,Furniture,Blender,5,125,625,0.1,Cash
1775,2025/12/31,,North,Electronics,Phone,5,678,3390,0.2,Card
1776,09-08-2025,C187,East,Elec,Laptop,0,1390,,0.2,Card
1777,2025-06-19,C271,NORTH,Elec,Chair,5,585,2925,0,Card
1778,2025/11/19,C098,South,Home,Laptop,0,1139,0,0.15,Card
1779,2025/10/01,C282,south,Elec,Oven,2,769,1538,0.15,Card
1780,2025-09-05,C012,South,Furniture,Table,5,284,1420,0,Transfer
1781,2025/04/08,C263,North,electronics,Microwave,4,806,3224,0.2,Cash
1782,16-04-2025,C112,NORTH,Electronics,Oven,3,1051,3153,0.1,Card
1783,2025/06/01,C024,NORTH,electronics,Table,0,1329,0,0.05,Cash
1784,2025/01/27,C274,North,Electronics,Sofa,5,1259,6295,,Transfer
1785,2025/05/16,C167,North,Electronics,Sofa,1,592,592,0.2,Transfer
1786,26-10-2025,C196,south,Elec,Headphones,4,442,1768,0.1,Card
1787,2025-10-25,C229,South,Home,Sofa,1,1001,1001,0.05,Card
1788,2025-04-07,C145,North,Elec,Tablet,1,827,827,0.05,Card
1789,07-08-2025,C207,North,Furniture,Tablet,5,44,220,0,Card
1790,2025-01-07,,South,Electronics,Table,1,1304,1304,0,Card
1791,2025/10/05,C104,South,Home,Headphones,3,354,1062,0.05,Card
1792,2025-10-06,C023,North,Furniture,Table,0,1067,0,0,Card
1793,13-01-2025,C181,south,Elec,Chair,5,807,4035,0,Cash
1794,2025/03/28,C145,East,Electronics,Headphones,2,262,524,0,Card
1795,06-11-2025,C172,NORTH,electronics,Blender,1,1386,1386,0.1,Cash
1796,23-02-2025,C189,East,Electronics,Phone,1,1363,1363,0.15,Transfer
1797,2025/09/02,C143,South,Electronics,Sofa,1,392,392,0.15,Cash
1798,2025/09/04,C171,South,electronics,Blender,3,1145,3435,0.2,Transfer
1799,2025/04/28,C296,south,electronics,Laptop,1,760,,0,Cash
1800,2025/10/13,C179,East,electronics,Table,3,315,945,0.15,Card
1801,2025/04/18,C074,West,Electronics,Blender,2,130,260,0,Cash
1802,2025/11/01,C041,South,Electronics,Phone,4,872,3488,,Card
1803,2025/09/28,C173,West,Electronics,Table,0,339,0,0.2,Card
1804,15-09-2025,C217,south,Home,Oven,5,548,2740,,Card
1805,2025/08/05,C194,South,electronics,Blender,4,134,536,,Transfer
1806,2025-11-06,C161,south,Home,Blender,1,131,131,0.05,Cash
1807,25-02-2025,C172,North,electronics,Table,1,1129,1129,0,Cash
1808,2025-04-07,,East,Electronics,Headphones,4,111,444,0,Card
1809,11-06-2025,C183,East,Home,Oven,1,664,664,0.05,Transfer
1810,12-12-2025,C258,North,Furniture,Tablet,0,1222,0,0,Cash
1811,24-03-2025,C048,south,electronics,Chair,5,1359,6795,0.2,Transfer
1812,2025-11-08,C068,East,Elec,Sofa,4,902,,,Transfer
1813,18-07-2025,C039,South,Furniture,Microwave,0,50,0,0.2,Card
1814,13-09-2025,C152,South,Electronics,Table,4,764,3056,,Cash
1815,2025-05-13,C227,south,electronics,Laptop,4,1019,,0.1,Cash
1816,2025-07-29,C188,NORTH,Furniture,Sofa,2,190,380,0.1,Transfer
1817,2025-01-22,C126,south,Furniture,Phone,1,235,235,0.15,Card
1818,2025/04/25,C239,West,Furniture,Microwave,0,195,0,0.15,Cash
1819,2025/04/13,C249,South,Home,Laptop,2,950,,0.05,Cash
1820,2025/03/16,,NORTH,Home,Phone,2,900,1800,0.05,Card
1821,2025/12/17,C073,North,Elec,Blender,0,630,0,0.15,Transfer
1822,2025/04/20,C048,West,Elec,Table,1,426,426,0.15,Transfer
1823,2025-12-19,C293,West,Electronics,Oven,4,426,1704,0.2,Card
1824,2025-06-15,C163,North,electronics,Microwave,1,1042,1042,,Cash
1825,2025/05/15,C065,south,Home,Headphones,0,94,0,0.15,Transfer
1826,2025-10-07,C108,South,Furniture,Phone,2,765,,0.1,Transfer
1827,2025-03-05,C211,East,Elec,Oven,3,1091,3273,0.05,Cash
1828,2025/08/08,C224,West,Elec,Blender,5,600,3000,0,Card
1829,23-02-2025,,West,Electronics,Microwave,5,1297,6485,0.15,Transfer
1830,2025-10-25,C109,South,Home,Oven,3,254,762,0,Cash
1831,2025-08-26,C203,North,Elec,Chair,4,600,2400,0.1,Cash
1832,11-12-2025,C213,North,Electronics,Phone,1,786,786,,Transfer
1833,2025-06-12,C124,NORTH,Home,Chair,4,1339,5356,0.2,Cash
1834,2025/03/07,C207,East,Furniture,Tablet,3,493,1479,0.2,Card
1835,2025/11/20,C134,NORTH,electronics,Sofa,1,210,210,,Transfer
1836,20-03-2025,C041,NORTH,Home,Phone,5,287,1435,0.1,Card
1837,2025/05/03,C126,south,Home,Table,5,125,625,,Card
1838,2025-11-23,C063,North,electronics,Table,2,389,778,0.1,Card
1839,20-07-2025,C212,North,Home,Laptop,1,1427,1427,,Cash
1840,24-03-2025,,South,Furniture,Headphones,0,260,0,0.15,Transfer
1841,2025/11/04,C063,South,Furniture,Phone,4,67,268,0.05,Cash
1842,2025/02/28,C043,south,electronics,Table,2,1006,2012,,Transfer
1843,30-11-2025,C254,West,Furniture,Blender,1,532,532,,Cash
1844,21-07-2025,C160,South,electronics,Microwave,3,933,2799,0.1,Transfer
1845,2025/02/25,C192,south,Electronics,Microwave,1,89,89,0.15,Cash
1846,2025-11-06,C181,West,Electronics,Laptop,1,680,680,0.05,Card
1847,2025/04/21,C063,North,Elec,Phone,5,693,3465,0.1,Card
1848,15-10-2025,C109,NORTH,electronics,Laptop,4,589,2356,,Card
1849,2025/10/21,C163,East,electronics,Chair,0,1031,0,0.15,Card
1850,2025-03-05,C122,NORTH,Electronics,Table,0,1338,0,0,Cash
1851,26-05-2025,C019,NORTH,Furniture,Phone,2,1340,,0.15,Card
1852,2025/08/01,C205,North,Furniture,Sofa,3,1274,,0.1,Transfer
1853,2025-08-21,C192,NORTH,Electronics,Phone,1,117,117,0.1,Transfer
1854,12-08-2025,C189,NORTH,Electronics,Phone,2,108,216,0,Cash
1855,2025-06-18,C088,South,Furniture,Microwave,0,278,0,0.2,Cash
1856,2025/11/23,C296,West,Home,Table,2,1008,2016,0.1,Transfer
1857,2025-02-12,C106,south,Electronics,Laptop,3,143,429,0.15,Cash
1858,2025/04/07,C271,NORTH,Elec,Table,5,949,4745,0,Card
1859,2025/04/23,C263,South,Home,Chair,0,589,0,0.2,Transfer
1860,22-02-2025,C057,South,Electronics,Microwave,1,566,,,Transfer
1861,2025/08/20,C182,West,electronics,Tablet,3,1048,3144,0.15,Cash
1862,09-07-2025,C217,South,Elec,Chair,3,381,1143,0.15,Transfer
1863,10-08-2025,,South,Electronics,Chair,0,128,0,0.05,Card
1864,30-09-2025,C208,West,Home,Laptop,1,1436,1436,0.05,Cash
1865,23-11-2025,C002,North,electronics,Oven,5,1294,6470,,Card
1866,2025/03/29,C234,South,Electronics,Microwave,3,704,,0.1,Card
1867,2025-03-29,C243,NORTH,Electronics,Microwave,1,987,987,0.2,Transfer
1868,2025/05/29,C076,North,Electronics,Table,5,707,3535,0.2,Cash
1869,2025/12/06,,East,Elec,Sofa,4,1379,5516,0.2,Cash
1870,27-02-2025,C011,South,Home,Chair,5,310,-1550,0.2,Transfer
1871,2025/12/23,C100,West,Electronics,Table,5,1410,7050,0.2,Card
1872,2025/05/16,C214,East,Elec,Chair,0,1206,0,0.2,Card
1873,2025/08/10,C178,East,Electronics,Phone,3,1423,4269,0.2,Cash
1874,2025/11/16,C034,East,Electronics,Microwave,0,465,0,0,Cash
1875,06-06-2025,C001,North,Elec,Tablet,2,600,1200,0.2,Card
1876,2025/02/14,C222,NORTH,Electronics,Table,1,85,85,,Transfer
1877,2025-07-17,C134,East,Furniture,Table,1,1174,1174,0.2,Card
1878,2025/12/16,C103,East,Elec,Laptop,2,1180,2360,0.05,Cash
1879,12-08-2025,C161,NORTH,Elec,Microwave,2,895,1790,0.15,Card
1880,14-10-2025,C046,South,Furniture,Table,1,1208,1208,0.2,Transfer
1881,31-05-2025,C065,West,Electronics,Microwave,4,962,3848,0.1,Transfer
1882,2025/02/24,C247,south,Elec,Phone,0,1217,0,0,Transfer
1883,2025/04/15,C070,South,electronics,Table,5,656,3280,0.15,Transfer
1884,19-12-2025,C079,NORTH,Electronics,Oven,0,526,0,0.2,Cash
1885,20-07-2025,C208,West,electronics,Chair,4,553,2212,,Transfer
1886,2025-03-05,C124,South,Furniture,Oven,1,995,995,0,Transfer
1887,2025/09/10,C055,West,Home,Blender,1,77,77,0.15,Card
1888,2025-10-25,C228,North,Elec,Tablet,3,1500,-4500,0.05,Cash
1889,2025/09/14,C269,West,Furniture,Laptop,1,1363,1363,0.2,Cash
1890,2025-08-24,C156,West,Electronics,Microwave,3,986,2958,,Transfer
1891,2025/12/04,C298,East,Furniture,Headphones,3,158,,,Card
1892,29-04-2025,C244,East,electronics,Chair,0,376,0,0.15,Card
1893,2025/02/01,C038,West,Elec,Headphones,5,80,400,,Cash
1894,13-07-2025,C285,South,electronics,Table,3,916,2748,,Card
1895,2025-08-11,C299,North,Electronics,Chair,0,307,0,0.15,Transfer
1896,2025/10/07,C271,West,electronics,Chair,4,990,3960,0.2,Card
1897,2025-02-04,C292,North,electronics,Oven,2,226,452,0.2,Transfer
1898,19-06-2025,C149,East,Home,Sofa,0,343,0,0.2,Card
1899,2025/09/23,C030,NORTH,Electronics,Headphones,3,558,-1674,0.15,Cash
1900,2025-04-13,C281,south,Elec,Phone,1,1030,1030,0.2,Transfer
1901,2025/01/19,C042,NORTH,Home,Tablet,2,105,210,0.05,Transfer
1902,2025/06/29,C117,North,Electronics,Phone,1,1114,1114,,Transfer
1903,2025/01/10,C065,West,Home,Oven,1,256,256,0.1,Cash
1904,2025-04-10,C048,NORTH,Electronics,Chair,3,1118,3354,0,Transfer
1905,2025/05/08,C093,East,Electronics,Sofa,2,1253,2506,0.1,Card
1906,2025-11-07,C040,East,Furniture,Chair,3,1464,4392,0.05,Cash
1907,2025-06-04,C126,NORTH,Elec,Sofa,5,1128,5640,0.15,Transfer
1908,2025/11/15,C267,South,Elec,Oven,1,271,271,0.05,Card
1909,2025-05-01,C059,North,Home,Phone,2,589,1178,0,Card
1910,2025/05/23,,West,Home,Microwave,0,479,0,0.15,Transfer
1911,2025/01/27,C014,NORTH,Elec,Table,4,463,1852,0.2,Cash
1912,2025-08-07,C056,NORTH,Home,Table,4,969,3876,0.2,Cash
1913,2025/03/25,C122,South,Electronics,Table,5,581,2905,0.2,Cash
1914,2025/06/22,C138,south,Elec,Headphones,0,274,0,0.1,Card
1915,2025/08/16,C184,West,Furniture,Chair,3,139,417,0.2,Transfer
1916,2025/06/10,C142,East,Home,Tablet,1,1310,1310,,Card
1917,30-04-2025,,south,Furniture,Microwave,4,669,,,Card
1918,2025-02-01,C009,south,Elec,Oven,5,111,555,0,Transfer
1919,16-08-2025,C105,East,Furniture,Sofa,5,871,4355,0.1,Card
1920,2025-01-13,C209,south,Elec,Microwave,2,1293,,0.1,Card
1921,2025-05-29,,NORTH,electronics,Sofa,4,1485,5940,0.2,Transfer
1922,2025/06/26,C077,West,Electronics,Laptop,1,1177,1177,0.2,Transfer
1923,2025/08/03,C027,NORTH,Home,Oven,4,923,3692,0.2,Cash
1924,2025-05-05,C119,West,Elec,Laptop,5,513,2565,0.15,Cash
1925,2025/02/10,C248,NORTH,electronics,Microwave,3,490,1470,0.05,Transfer
1926,2025/05/06,C071,NORTH,Elec,Table,2,662,1324,0.2,Card
1927,2025-10-22,C093,West,Electronics,Tablet,0,877,0,0.15,Transfer
1928,21-02-2025,,West,Electronics,Tablet,0,291,0,0.15,Cash
1929,01-07-2025,C124,south,Elec,Laptop,2,709,1418,,Card
1930,2025/02/07,C210,south,Home,Blender,2,997,1994,,Transfer
1931,18-09-2025,C190,south,Home,Blender,2,918,1836,0.1,Card
1932,29-04-2025,C289,NORTH,Furniture,Headphones,4,893,3572,0.05,Card
1933,2025-01-22,C108,West,Furniture,Table,4,1280,5120,0.05,Card
1934,28-05-2025,C087,East,Elec,Headphones,0,494,0,0.05,Transfer
1935,2025/09/18,C277,NORTH,electronics,Phone,3,72,216,0.2,Cash
1936,2025-08-16,C057,south,Electronics,Microwave,3,1030,3090,0.1,Transfer
1937,09-12-2025,C041,south,electronics,Laptop,2,340,680,,Transfer
1938,2025/09/20,C020,West,Electronics,Oven,2,409,818,,Card
1939,2025/11/21,C113,south,electronics,Table,3,330,990,0.15,Cash
1940,09-03-2025,C265,south,electronics,Phone,3,157,471,,Card
1941,2025/01/20,C299,South,Elec,Microwave,4,1365,5460,0.05,Cash
1942,2025-12-09,C183,NORTH,Home,Table,0,468,0,0.1,Cash
1943,2025-08-17,C238,East,Electronics,Sofa,5,835,4175,0.15,Cash
1944,2025/11/04,C260,South,Home,Phone,4,681,2724,0.15,Cash
1945,2025-08-06,C113,East,Electronics,Table,3,859,2577,0.2,Card
1946,17-11-2025,C169,South,Furniture,Oven,0,1499,,0.15,Card
1947,2025/12/27,C033,south,Electronics,Oven,1,761,761,0.2,Cash
1948,28-04-2025,C192,East,Home,Chair,4,529,-2116,0,Transfer
1949,2025-02-22,,East,Elec,Phone,1,1313,1313,0.1,Transfer
1950,2025/03/05,C139,North,Electronics,Laptop,4,1498,5992,0,Card
1951,2025/10/05,C201,South,Furniture,Table,2,890,-1780,0.1,Cash
1952,14-04-2025,C296,West,Home,Table,3,210,630,0.1,Cash
1953,2025/05/26,C009,West,Home,Sofa,4,1483,5932,0,Cash
1954,2025/04/29,C160,East,electronics,Laptop,0,1168,0,0.15,Transfer
1955,08-05-2025,C243,NORTH,Furniture,Chair,0,1030,0,0.1,Card
1956,2025/01/19,C003,East,electronics,Oven,3,1137,3411,0.05,Cash
1957,2025/08/25,C042,North,Home,Laptop,3,280,840,,Card
1958,27-03-2025,C059,North,Home,Microwave,1,1302,1302,,Transfer
1959,2025/08/03,C151,south,Elec,Oven,2,1279,2558,0.05,Card
1960,2025/05/29,C191,NORTH,Furniture,Table,3,967,2901,,Transfer
1961,11-03-2025,C243,North,Elec,Blender,1,327,327,0,Cash
1962,26-12-2025,C276,West,Elec,Laptop,0,1299,0,0.1,Transfer
1963,2025/10/14,,South,Elec,Table,3,1216,3648,0.15,Cash
1964,2025-10-15,C079,North,electronics,Table,1,558,558,0.2,Transfer
1965,2025/11/27,C142,south,Furniture,Microwave,1,364,,0.05,Card
1966,2025-02-16,C244,North,Elec,Laptop,0,300,0,,Cash
1967,2025-06-17,C202,West,Home,Microwave,2,658,1316,0,Transfer
1968,2025-04-20,C074,West,Furniture,Microwave,3,1443,4329,0.2,Cash
1969,2025/11/30,C239,south,Elec,Blender,1,1283,1283,0.05,Cash
1970,11-07-2025,C006,South,Home,Sofa,4,419,,0.1,Cash
1971,2025-02-18,C007,NORTH,Elec,Phone,5,583,2915,,Transfer
1972,10-05-2025,C293,North,Home,Headphones,5,950,4750,,Transfer
1973,23-02-2025,,south,electronics,Tablet,1,189,189,0,Cash
1974,2025/11/23,C143,South,Furniture,Phone,2,1396,2792,,Card
1975,2025/10/28,,south,Home,Blender,5,1391,6955,0.2,Card
1976,17-05-2025,C142,NORTH,electronics,Oven,3,374,1122,0,Cash
1977,2025/05/21,C045,NORTH,Home,Laptop,0,205,0,0.1,Transfer
1978,2025-11-17,C112,south,Elec,Microwave,0,525,0,0.05,Transfer
1979,2025/03/09,C143,South,Furniture,Sofa,3,482,1446,0.05,Card
1980,01-06-2025,C048,West,Elec,Headphones,2,734,1468,,Transfer
1981,29-03-2025,C198,South,Furniture,Headphones,1,1458,1458,,Cash
1982,2025-04-17,C138,North,Furniture,Chair,2,466,-932,0,Transfer
1983,2025/12/04,C166,East,Furniture,Blender,5,1225,6125,0,Transfer
1984,2025/07/03,C172,East,Electronics,Tablet,2,647,1294,0,Cash
1985,2025/11/12,C205,West,electronics,Table,5,784,3920,0.15,Cash
1986,2025-01-21,C260,North,Home,Blender,2,1202,-2404,0.2,Card
1987,2025-06-03,C102,NORTH,electronics,Tablet,5,702,3510,0,Cash
1988,2025/03/14,C001,south,electronics,Chair,1,637,637,0.05,Cash
1989,2025/02/16,C192,North,Home,Tablet,2,224,448,,Card
1990,2025-08-30,C050,West,electronics,Sofa,1,838,838,,Transfer
1991,2025/08/06,C014,South,Furniture,Tablet,1,775,775,0,Transfer
1992,2025-11-03,C071,West,electronics,Phone,1,638,638,,Card
1993,06-08-2025,C247,North,Elec,Blender,1,354,354,0,Cash
1994,2025-02-12,C208,North,electronics,Sofa,1,1196,1196,0,Cash
1995,2025/12/01,C156,West,Elec,Laptop,4,942,3768,,Cash
1996,2025/10/01,C218,NORTH,Home,Laptop,1,34,34,0.2,Cash
1997,2025-04-12,C223,North,Home,Table,0,268,0,0,Transfer
1998,2025/12/18,C013,NORTH,Elec,Tablet,2,750,1500,0.1,Transfer
1999,2025/01/19,,south,Home,Chair,1,192,192,0.05,Transfer
2000,2025/09/10,C125,south,Furniture,Headphones,3,103,309,0.05,Transfer
2001,2025/11/23,C041,East,Elec,Blender,3,65,195,,Transfer
2002,2025/02/10,C099,NORTH,Elec,Table,4,1072,4288,,Card
2003,2025/07/11,C141,south,electronics,Table,4,1395,,0.15,Card
2004,14-12-2025,,South,Electronics,Blender,5,285,1425,,Cash
2005,19-02-2025,,East,electronics,Laptop,4,609,2436,0.15,Transfer
2006,2025/08/04,C286,North,Elec,Sofa,2,729,1458,,Cash
2007,2025/04/18,C207,North,Furniture,Laptop,5,1016,5080,0.05,Transfer
2008,2025/09/29,C240,North,electronics,Headphones,4,361,1444,0.15,Card
2009,2025/05/26,C276,South,Home,Headphones,0,218,0,0,Transfer
2010,29-05-2025,C206,NORTH,Home,Sofa,1,876,876,0.1,Transfer
2011,2025-02-24,C163,NORTH,Furniture,Oven,3,481,1443,0.15,Cash
2012,19-08-2025,C205,East,Electronics,Oven,2,970,1940,0,Cash
2013,2025-10-25,C015,NORTH,electronics,Tablet,4,1289,5156,0.2,Transfer
2014,2025/07/29,C292,south,Home,Laptop,2,66,132,,Cash
2015,2025/10/10,C235,East,electronics,Tablet,3,1479,4437,0.1,Card
2016,16-01-2025,C126,south,Furniture,Microwave,1,382,382,0,Transfer
2017,2025-06-19,C036,North,Electronics,Blender,4,982,3928,0.15,Cash
2018,03-10-2025,C274,south,Electronics,Microwave,3,142,426,,Card
2019,2025-07-06,C226,West,Electronics,Laptop,1,557,557,0,Transfer
2020,2025-03-28,C125,West,electronics,Table,0,695,0,,Cash
2021,2025/05/06,C170,West,Elec,Headphones,2,1237,,0.05,Card
2022,25-09-2025,C190,NORTH,Elec,Table,2,1486,2972,0.15,Transfer
2023,2025/08/14,C066,South,Furniture,Table,3,546,-1638,0.05,Transfer
2024,05-06-2025,,East,Furniture,Oven,3,996,2988,0.1,Transfer
2025,2025/03/21,C194,West,electronics,Oven,3,379,1137,,Card
2026,25-06-2025,C077,East,Furniture,Laptop,5,423,2115,,Card
2027,2025-09-26,C017,West,Electronics,Sofa,4,157,628,,Transfer
2028,2025/02/10,C127,South,Elec,Tablet,5,1352,6760,,Cash
2029,01-04-2025,C283,East,Electronics,Chair,5,150,750,0.1,Card
2030,17-04-2025,C298,West,Home,Laptop,4,124,496,0.05,Cash
2031,2025/03/01,C111,NORTH,Home,Table,4,39,156,0,Transfer
2032,2025/08/15,C234,North,Elec,Blender,4,574,2296,0.2,Cash
2033,21-09-2025,C136,NORTH,electronics,Sofa,2,1408,2816,0.15,Card
2034,2025/04/04,C241,West,electronics,Tablet,0,904,0,0.15,Cash
2035,2025-11-23,C056,South,electronics,Table,4,645,2580,0,Transfer
2036,2025/06/03,C166,South,electronics,Blender,1,343,343,0.2,Cash
2037,2025/12/01,C118,East,Home,Table,2,316,632,,Cash
2038,2025/08/19,C003,West,Electronics,Blender,2,1342,2684,0.1,Card
2039,27-12-2025,C132,East,Elec,Phone,2,895,1790,0.2,Transfer
2040,2025-04-13,C141,North,Electronics,Chair,1,686,686,0.2,Cash
2041,2025/01/24,C250,South,Elec,Headphones,4,788,3152,0.1,Cash
2042,2025-10-03,C069,south,Electronics,Sofa,5,867,4335,0.2,Cash
2043,21-10-2025,C126,East,Furniture,Oven,5,553,2765,,Card
2044,2025/03/13,C161,East,Home,Chair,1,677,677,0.1,Card
2045,2025/12/13,C012,South,Electronics,Blender,3,831,2493,0.2,Card
2046,2025/09/20,C259,East,Furniture,Microwave,2,1197,2394,0,Transfer
2047,2025-02-17,C263,North,Furniture,Microwave,4,1351,5404,,Cash
2048,2025-05-22,C078,south,Elec,Laptop,1,1346,1346,,Transfer
2049,2025/08/10,C200,North,Electronics,Chair,2,894,1788,0.2,Transfer
2050,2025-06-17,C295,East,Furniture,Tablet,1,323,323,0,Transfer
2051,2025/11/05,C179,North,Elec,Sofa,1,1367,1367,0.15,Cash
2052,2025/04/30,C071,West,Electronics,Blender,0,929,0,0.05,Cash
2053,2025/01/26,C195,NORTH,Electronics,Laptop,1,1057,1057,0,Card
2054,18-04-2025,C184,south,Elec,Blender,1,450,450,0.1,Cash
2055,2025-05-11,,West,Home,Blender,0,746,0,0,Cash
2056,2025-11-30,C200,West,Electronics,Table,5,1345,-6725,0.05,Card
2057,17-10-2025,C072,south,Home,Phone,0,1241,0,,Cash
2058,2025-07-10,C090,NORTH,electronics,Tablet,2,244,-488,0.05,Cash
2059,2025-07-26,C165,North,Electronics,Sofa,0,983,,0.05,Cash
2060,2025-01-24,C087,South,Electronics,Phone,2,476,952,0,Cash
2061,2025-08-26,C069,NORTH,Electronics,Table,3,981,2943,0.1,Transfer
2062,2025-10-04,C245,West,Furniture,Chair,1,469,469,0.05,Card
2063,04-12-2025,C207,East,Furniture,Laptop,1,483,483,0.1,Cash
2064,2025-12-30,C296,East,electronics,Sofa,3,787,2361,0,Transfer
2065,2025-07-17,C008,South,Electronics,Chair,1,832,832,0.15,Cash
2066,2025-04-07,C232,South,Home,Headphones,2,1137,2274,,Transfer
2067,2025-06-22,C250,NORTH,Home,Laptop,5,721,3605,0.1,Cash
2068,25-11-2025,C049,South,Home,Laptop,0,1147,0,0.1,Cash
2069,2025-08-20,C259,South,Home,Oven,1,310,310,0,Card
2070,2025-07-01,C272,NORTH,Electronics,Oven,2,1124,2248,0.2,Card
2071,11-07-2025,C116,south,electronics,Oven,4,888,3552,0.15,Cash
2072,2025-07-19,C240,East,electronics,Table,0,173,0,0.1,Card
2073,2025/11/10,C072,South,Home,Tablet,1,821,821,0.15,Transfer
2074,10-04-2025,C116,East,electronics,Blender,0,1219,0,0.15,Card
2075,11-12-2025,C061,NORTH,Elec,Oven,0,1307,0,0.15,Cash
2076,2025-03-05,C175,East,Electronics,Blender,2,251,502,0.05,Transfer
2077,2025/12/21,C268,North,Electronics,Headphones,4,762,3048,0.15,Transfer
2078,2025-08-10,C144,south,Elec,Table,5,1060,5300,0.1,Cash
2079,12-02-2025,C249,South,Furniture,Microwave,1,1230,1230,,Cash
2080,2025/10/15,C196,North,Furniture,Laptop,4,1336,5344,0,Card
2081,2025-07-04,C202,south,Electronics,Sofa,5,921,4605,0.2,Card
2082,2025-07-24,C014,South,Furniture,Tablet,0,1311,0,0.15,Card
2083,2025/08/22,C177,East,electronics,Table,3,117,351,,Cash
2084,24-03-2025,C281,south,Elec,Blender,2,372,744,0.1,Cash
2085,2025-11-12,C163,East,Electronics,Laptop,5,851,4255,0.05,Cash
2086,14-04-2025,C180,East,Home,Sofa,1,365,365,0.2,Cash
2087,2025/09/17,C276,South,Home,Headphones,5,175,875,0.2,Transfer
2088,2025/07/27,C182,West,electronics,Blender,0,621,0,0.1,Card
2089,2025/08/15,C141,North,Home,Chair,5,468,2340,,Card
2090,16-03-2025,C011,NORTH,Home,Microwave,3,1159,3477,0.15,Card
2091,2025-09-23,C199,south,Elec,Sofa,2,903,1806,0.05,Cash
2092,2025-10-04,C127,NORTH,Furniture,Tablet,0,1059,0,0,Transfer
2093,2025-04-27,C284,South,Home,Table,4,128,512,0.2,Cash
2094,2025/02/03,C287,south,Electronics,Sofa,3,1466,4398,0,Transfer
2095,2025-05-22,C252,West,electronics,Blender,1,1375,1375,,Cash
2096,19-06-2025,C261,West,electronics,Oven,5,1221,-6105,0.2,Card
2097,2025/12/31,C037,NORTH,Electronics,Oven,3,350,1050,0.2,Card
2098,03-04-2025,C062,East,Electronics,Laptop,3,1195,3585,0.15,Cash
2099,2025-12-23,C160,East,electronics,Blender,2,1043,2086,0.05,Card
2100,2025-06-29,C049,NORTH,Elec,Phone,4,144,576,0.1,Card
2101,28-03-2025,C007,North,Elec,Blender,2,76,152,0.1,Card
2102,30-03-2025,C094,NORTH,electronics,Sofa,0,1419,0,0.2,Card
2103,2025-08-14,C077,West,Electronics,Headphones,0,1120,0,0,Cash
2104,30-05-2025,C266,South,Electronics,Microwave,1,1255,1255,0.1,Cash
2105,2025/12/04,C060,south,Furniture,Laptop,2,524,1048,0.15,Card
2106,26-07-2025,C246,south,Furniture,Laptop,4,206,824,0.2,Transfer
2107,2025/10/22,C103,East,Elec,Tablet,3,425,1275,0.15,Cash
2108,13-07-2025,,North,Elec,Oven,3,1268,3804,0.1,Transfer
2109,24-12-2025,C097,North,Elec,Headphones,5,1189,5945,,Card
2110,01-10-2025,C198,South,Elec,Oven,0,1421,0,0.2,Card
2111,2025-09-18,C051,West,electronics,Chair,5,675,3375,0.05,Transfer
2112,2025/11/24,C060,East,Electronics,Chair,5,697,3485,0.05,Cash
2113,25-07-2025,C127,NORTH,Elec,Blender,5,1188,5940,0.1,Card
2114,2025/12/01,C213,West,Home,Table,1,1019,-1019,,Cash
2115,2025/01/22,C115,North,Electronics,Laptop,1,1020,1020,0.05,Transfer
2116,2025-05-12,C146,NORTH,Elec,Table,4,555,2220,0.05,Card
2117,2025/10/12,C019,West,Home,Laptop,0,488,,0.15,Card
2118,2025-02-12,C190,West,electronics,Microwave,4,104,416,0.05,Card
2119,12-06-2025,,South,Elec,Table,1,737,737,0,Cash
2120,14-07-2025,C033,South,electronics,Chair,2,1367,-2734,0.15,Card
2121,2025/05/06,C281,East,Electronics,Laptop,5,153,765,0.2,Transfer
2122,2025/03/28,,North,electronics,Phone,3,27,81,0.2,Card
2123,2025/04/25,C011,south,Home,Headphones,5,810,4050,0.15,Transfer
2124,2025-05-02,C233,West,electronics,Microwave,4,757,3028,,Card
2125,2025-07-18,C011,West,Elec,Tablet,0,961,0,0.05,Cash
2126,2025/03/06,C216,West,Home,Microwave,3,815,2445,,Cash
2127,2025/03/10,C098,NORTH,electronics,Headphones,2,968,1936,0.15,Cash
2128,2025/11/26,C278,south,Home,Table,4,864,3456,0.2,Card
2129,2025/12/04,C227,North,electronics,Blender,4,1386,5544,,Transfer
2130,2025/03/21,C078,West,Elec,Microwave,1,287,287,0.2,Transfer
2131,2025-09-29,C034,North,Electronics,Phone,0,698,0,0.1,Card
2132,2025/03/19,C162,NORTH,Home,Microwave,2,1460,2920,0.2,Card
2133,19-03-2025,C210,South,Furniture,Oven,5,981,4905,0.05,Card
2134,2025-12-06,C021,South,Home,Microwave,3,996,-2988,,Cash
2135,2025/08/14,C252,south,Furniture,Sofa,2,194,388,0.05,Transfer
2136,2025-06-03,C101,south,Elec,Table,5,190,950,0.15,Card
2137,2025/11/15,C130,South,Furniture,Table,4,68,272,0,Transfer
2138,2025/05/03,C173,North,Elec,Microwave,5,184,-920,0.2,Card
2139,21-10-2025,C241,West,Home,Phone,5,1396,6980,0.1,Transfer
2140,2025/08/06,C134,NORTH,electronics,Microwave,2,566,1132,,Card
2141,2025-12-08,C012,South,Electronics,Chair,0,382,0,0.05,Card
2142,08-02-2025,,East,Furniture,Laptop,1,1213,1213,0.15,Transfer
2143,2025/06/19,C072,South,Electronics,Tablet,0,1490,0,,Card
2144,18-04-2025,C165,south,Furniture,Chair,3,424,1272,,Card
2145,29-08-2025,C032,West,electronics,Oven,0,182,0,0.05,Transfer
2146,2025-10-22,C039,South,electronics,Sofa,1,352,352,0.1,Transfer
2147,2025/07/31,C177,south,electronics,Oven,0,1361,0,0.1,Card
2148,03-02-2025,C031,NORTH,Home,Laptop,5,1486,7430,,Card
2149,2025-06-13,C034,NORTH,Elec,Sofa,3,753,2259,0.15,Cash
2150,2025-09-08,C088,North,Elec,Blender,3,965,2895,0.15,Cash
2151,2025/08/26,C215,North,electronics,Sofa,3,1314,3942,0.15,Transfer
2152,30-03-2025,C112,North,Electronics,Blender,3,326,978,0.15,Cash
2153,2025-03-23,C117,South,Home,Headphones,5,1042,5210,0.05,Cash
2154,07-12-2025,C035,East,Home,Headphones,2,309,618,0.05,Cash
2155,09-09-2025,C082,East,Elec,Headphones,3,1272,3816,0.1,Cash
2156,2025-07-11,C243,North,Electronics,Microwave,2,874,1748,,Card
2157,2025-06-10,C144,NORTH,Elec,Headphones,2,1450,2900,0.1,Transfer
2158,2025/10/21,C122,South,Home,Headphones,3,59,177,0.15,Card
2159,2025/11/16,C137,North,Home,Blender,1,585,585,0,Cash
2160,07-05-2025,,East,Furniture,Microwave,4,319,1276,0.15,Cash
2161,2025/11/06,C097,NORTH,Furniture,Laptop,2,144,288,0.2,Cash
2162,2025/05/08,C006,East,Elec,Chair,1,626,,,Transfer
2163,04-08-2025,C076,West,Home,Oven,1,1236,1236,0.1,Cash
2164,22-05-2025,C146,South,Furniture,Tablet,2,54,108,0.2,Cash
2165,08-07-2025,C193,NORTH,Electronics,Blender,5,683,3415,0,Transfer
2166,2025-05-25,,NORTH,Electronics,Tablet,3,150,450,0,Transfer
2167,2025/03/25,C183,East,Electronics,Blender,2,162,324,0.2,Cash
2168,2025-11-25,C046,South,Home,Tablet,0,554,0,,Transfer
2169,13-01-2025,C116,West,Electronics,Phone,1,496,496,0.05,Transfer
2170,2025-06-13,C010,NORTH,Elec,Microwave,0,1391,0,0,Card
2171,2025/04/13,C004,East,Electronics,Headphones,2,1062,2124,0.05,Card
2172,02-10-2025,C145,East,Furniture,Sofa,4,815,3260,0.2,Cash
2173,21-06-2025,C202,North,Elec,Microwave,0,932,0,0.2,Cash
2174,15-04-2025,,North,electronics,Chair,4,631,2524,0.2,Cash
2175,2025-07-04,C130,South,Furniture,Phone,2,45,90,0.1,Card
2176,2025/09/13,C201,NORTH,electronics,Microwave,3,1168,3504,,Card
2177,2025-02-09,C026,North,Elec,Phone,2,931,1862,0.05,Card
2178,2025-01-28,C191,North,Elec,Blender,5,65,-325,0,Cash
2179,14-03-2025,C105,North,Electronics,Microwave,1,49,49,0.15,Transfer
2180,2025/12/22,C246,North,electronics,Chair,0,834,0,0.15,Cash
2181,2025-08-27,C023,south,Electronics,Table,5,596,2980,0.1,Card
2182,10-12-2025,C121,south,Home,Phone,5,110,550,0.15,Transfer
2183,2025/12/26,C025,East,Elec,Laptop,4,772,3088,0.05,Cash
2184,2025-12-04,C165,south,Elec,Blender,1,1208,1208,0.1,Cash
2185,2025-03-17,C278,West,Elec,Blender,0,1253,0,0.1,Transfer
2186,2025/08/27,C022,East,Furniture,Tablet,4,719,2876,0.05,Transfer
2187,2025-03-13,C203,North,Home,Laptop,4,1134,,0,Transfer
2188,03-01-2025,C085,south,electronics,Sofa,3,259,777,0.1,Transfer
2189,2025-07-22,C180,south,Home,Laptop,1,1331,1331,,Card
2190,2025-01-01,C254,South,Electronics,Table,1,851,851,,Card
2191,08-04-2025,,North,electronics,Tablet,5,166,830,0,Cash
2192,2025/07/03,C176,West,Elec,Chair,2,897,1794,,Transfer
2193,31-10-2025,C017,West,Elec,Sofa,0,543,0,0.15,Transfer
2194,2025/02/20,C252,North,Home,Phone,3,197,591,0,Card
2195,2025/11/20,C124,NORTH,Home,Phone,2,654,1308,0.15,Card
2196,2025/11/11,C015,NORTH,Home,Laptop,4,391,1564,0.15,Transfer
2197,2025/12/01,C265,West,electronics,Microwave,2,353,,0.2,Cash
2198,07-08-2025,C040,South,Home,Microwave,1,31,31,,Card
2199,12-07-2025,C175,south,Furniture,Microwave,1,1481,1481,0,Card
2178,2025-01-28,C191,North,Elec,Blender,5,65,-325,0,Cash
1865,23-11-2025,C002,North,electronics,Oven,5,1294,6470,,Card
1101,17-05-2025,C159,East,Elec,Phone,1,313,313,0.05,Transfer
1439,2025-10-03,C265,south,Electronics,Chair,2,920,1840,0.1,Cash
1058,09-09-2025,,East,Home,Microwave,3,717,2151,0.15,Card
2120,14-07-2025,C033,South,electronics,Chair,2,1367,-2734,0.15,Card
1323,20-09-2025,C161,south,Furniture,Chair,1,449,449,0.1,Transfer
1974,2025/11/23,C143,South,Furniture,Phone,2,1396,2792,,Card
1411,2025/09/30,C292,south,electronics,Oven,5,1163,5815,,Transfer
1855,2025-06-18,C088,South,Furniture,Microwave,0,278,0,0.2,Cash
1820,2025/03/16,,NORTH,Home,Phone,2,900,1800,0.05,Card
1044,2025-07-19,C085,West,electronics,Headphones,4,75,300,,Card
1049,12-04-2025,C125,North,Elec,Headphones,0,1179,0,0.15,Transfer
1849,2025/10/21,C163,East,electronics,Chair,0,1031,0,0.15,Card
1240,2025/03/21,C034,East,Home,Chair,0,520,0,0.15,Transfer
1170,11-11-2025,C245,South,Home,Headphones,2,871,1742,0.2,Transfer
1523,2025/07/10,C063,West,Furniture,Oven,2,945,1890,,Card
1765,01-07-2025,C096,West,Elec,Phone,0,902,0,0.2,Card
1838,2025-11-23,C063,North,electronics,Table,2,389,778,0.1,Card
1423,2025-06-29,C075,West,Electronics,Chair,1,1423,1423,0,Card
1380,2025/09/13,C187,West,Elec,Microwave,1,1190,1190,0.05,Card
1609,2025-09-07,C203,East,Electronics,Tablet,1,48,48,,Card
1676,2025-03-27,C261,East,Home,Oven,3,386,1158,,Cash
1344,2025/10/25,C121,North,Elec,Headphones,0,416,0,0.2,Transfer
1109,21-11-2025,C179,East,electronics,Chair,0,319,0,0.05,Transfer
1277,2025-07-22,C265,NORTH,Furniture,Tablet,0,939,0,0.05,Card
1677,2025/09/11,C299,south,Electronics,Chair,1,435,435,0.05,Cash
1570,2025-04-20,C138,south,Furniture,Headphones,3,1179,3537,0.05,Cash
1358,2025/10/26,C136,South,Elec,Microwave,4,1229,4916,0.05,Card
1598,2025/10/30,C015,North,Home,Microwave,3,1306,3918,0,Cash
1390,2025/08/28,C228,South,Furniture,Tablet,4,1243,4972,0.2,Cash
1893,2025/02/01,C038,West,Elec,Headphones,5,80,400,,Cash
1692,2025-11-10,C092,NORTH,Home,Microwave,3,1369,4107,0.15,Transfer
1727,2025-07-08,C264,West,electronics,Phone,5,679,,0.1,Card
1362,2025/05/26,C003,south,Electronics,Headphones,4,261,1044,0.05,Transfer
1596,17-03-2025,C146,South,electronics,Oven,2,1173,2346,0.2,Card
1427,2025-05-19,C056,North,Elec,Blender,1,799,799,0.1,Cash
1070,2025-04-26,C061,south,electronics,Microwave,5,617,3085,0.15,Cash
1321,2025-10-11,C261,South,Furniture,Tablet,5,282,1410,0.2,Cash
1652,2025/11/29,C228,south,Electronics,Sofa,3,1251,3753,,Card
2065,2025-07-17,C008,South,Electronics,Chair,1,832,832,0.15,Cash
1107,2025-08-08,C059,West,Electronics,Sofa,1,1285,1285,0.1,Card
2108,13-07-2025,,North,Elec,Oven,3,1268,3804,0.1,Transfer
1355,2025-08-01,C246,West,electronics,Headphones,1,1345,-1345,0,Card
1950,2025/03/05,C139,North,Electronics,Laptop,4,1498,5992,0,Card
1342,2025-07-21,C177,South,Home,Oven,1,349,349,0.1,Card
1354,2025/03/13,C144,South,electronics,Tablet,1,761,761,,Card
1023,2025/03/09,C038,North,Home,Headphones,4,224,896,0.1,Card
1043,2025/10/22,C200,West,Furniture,Oven,4,471,1884,0.15,Card
1243,18-11-2025,C185,North,Home,Headphones,1,773,773,0.2,Transfer